row_type,name,metric,value,unit,source_file,source_url,evidence_level,hardware_scope,source_row_type,note
apdrone_powertrain_project_model,apDrone,max_rotor_thrust_n,13.5,N,docs/data/apdrone_flight_vs_model_reference.csv,drone-sim-core/src/main/java/com/tenicana/dronecraft/sim/DroneConfig.java,current_project_model,APdrone preset,project_preset_model,
apdrone_powertrain_project_model,apDrone,thrust_coefficient_n_per_rad2_s2,1.39189760155e-06,N/(rad/s)^2,docs/data/apdrone_flight_vs_model_reference.csv,drone-sim-core/src/main/java/com/tenicana/dronecraft/sim/DroneConfig.java,current_project_model,APdrone preset,project_preset_model,
apdrone_powertrain_project_model,apDrone,hover_thrust_per_motor_n,1.540624715,N,docs/data/apdrone_flight_vs_model_reference.csv,drone-sim-core/src/main/java/com/tenicana/dronecraft/sim/DroneConfig.java,current_project_model,APdrone preset,project_preset_model,
apdrone_powertrain_project_model,apDrone,max_rotor_speed_rpm,29739.565768,rpm,docs/data/apdrone_flight_vs_model_reference.csv,drone-sim-core/src/main/java/com/tenicana/dronecraft/sim/DroneConfig.java,current_project_model,APdrone preset,project_preset_model,
apdrone_powertrain_project_model,apDrone,hover_rotor_speed_rpm,10046.5319353,rpm,docs/data/apdrone_flight_vs_model_reference.csv,drone-sim-core/src/main/java/com/tenicana/dronecraft/sim/DroneConfig.java,current_project_model,APdrone preset,project_preset_model,
apdrone_powertrain_project_model,apDrone,yaw_torque_per_thrust_m,0.0135725821767,m,docs/data/apdrone_flight_vs_model_reference.csv,drone-sim-core/src/main/java/com/tenicana/dronecraft/sim/DroneConfig.java,current_project_model,APdrone preset,project_preset_model,
apdrone_powertrain_project_model,apDrone,battery_current_limit_a,150,A,docs/data/apdrone_flight_vs_model_reference.csv,drone-sim-core/src/main/java/com/tenicana/dronecraft/sim/DroneConfig.java,current_project_model,APdrone preset,project_preset_model,
apdrone_powertrain_project_model,apDrone,nominal_battery_voltage_v,16.8,V,docs/data/apdrone_flight_vs_model_reference.csv,drone-sim-core/src/main/java/com/tenicana/dronecraft/sim/DroneConfig.java,current_project_model,APdrone preset,project_preset_model,
apdrone_powertrain_pdf_prop_max,7056 3R,max_table_thrust_n,12.8270982,N,docs/data/apdrone_motor_thrust_pdf_reference.csv,https://data.mendeley.com/datasets/zgsvdtxnfh/2,direct_APdrone_motor_pdf_visible_table,"YSIDO 2507 1800KV PDF, visible prop table",apdrone_motor_pdf_prop_summary,"Visible PDF maxima; prop is from the APdrone motor PDF table, not necessarily the exact installed Foxeer Donut 5145."
apdrone_powertrain_pdf_prop_max,7056 3R,max_table_current_a,33.3,A,docs/data/apdrone_motor_thrust_pdf_reference.csv,https://data.mendeley.com/datasets/zgsvdtxnfh/2,direct_APdrone_motor_pdf_visible_table,"YSIDO 2507 1800KV PDF, visible prop table",apdrone_motor_pdf_prop_summary,"Visible PDF maxima; prop is from the APdrone motor PDF table, not necessarily the exact installed Foxeer Donut 5145."
apdrone_powertrain_pdf_prop_max,7056 3R,max_table_power_w,532.8,W,docs/data/apdrone_motor_thrust_pdf_reference.csv,https://data.mendeley.com/datasets/zgsvdtxnfh/2,direct_APdrone_motor_pdf_visible_table,"YSIDO 2507 1800KV PDF, visible prop table",apdrone_motor_pdf_prop_summary,"Visible PDF maxima; prop is from the APdrone motor PDF table, not necessarily the exact installed Foxeer Donut 5145."
apdrone_powertrain_pdf_prop_max,7056 3R,project_max_over_table_max,1.05245939413,ratio,docs/data/apdrone_motor_thrust_pdf_reference.csv,https://data.mendeley.com/datasets/zgsvdtxnfh/2,direct_APdrone_motor_pdf_visible_table,"YSIDO 2507 1800KV PDF, visible prop table",apdrone_motor_pdf_prop_summary,"Visible PDF maxima; prop is from the APdrone motor PDF table, not necessarily the exact installed Foxeer Donut 5145."
apdrone_powertrain_pdf_prop_max,7056 3R,table_max_over_project_max,0.950155422222,ratio,docs/data/apdrone_motor_thrust_pdf_reference.csv,https://data.mendeley.com/datasets/zgsvdtxnfh/2,direct_APdrone_motor_pdf_visible_table,"YSIDO 2507 1800KV PDF, visible prop table",apdrone_motor_pdf_prop_summary,"Visible PDF maxima; prop is from the APdrone motor PDF table, not necessarily the exact installed Foxeer Donut 5145."
apdrone_powertrain_pdf_prop_max,5043,max_table_thrust_n,13.6704701,N,docs/data/apdrone_motor_thrust_pdf_reference.csv,https://data.mendeley.com/datasets/zgsvdtxnfh/2,direct_APdrone_motor_pdf_visible_table,"YSIDO 2507 1800KV PDF, visible prop table",apdrone_motor_pdf_prop_summary,"Visible PDF maxima; prop is from the APdrone motor PDF table, not necessarily the exact installed Foxeer Donut 5145."
apdrone_powertrain_pdf_prop_max,5043,max_table_current_a,33.04,A,docs/data/apdrone_motor_thrust_pdf_reference.csv,https://data.mendeley.com/datasets/zgsvdtxnfh/2,direct_APdrone_motor_pdf_visible_table,"YSIDO 2507 1800KV PDF, visible prop table",apdrone_motor_pdf_prop_summary,"Visible PDF maxima; prop is from the APdrone motor PDF table, not necessarily the exact installed Foxeer Donut 5145."
apdrone_powertrain_pdf_prop_max,5043,max_table_power_w,805.9,W,docs/data/apdrone_motor_thrust_pdf_reference.csv,https://data.mendeley.com/datasets/zgsvdtxnfh/2,direct_APdrone_motor_pdf_visible_table,"YSIDO 2507 1800KV PDF, visible prop table",apdrone_motor_pdf_prop_summary,"Visible PDF maxima; prop is from the APdrone motor PDF table, not necessarily the exact installed Foxeer Donut 5145."
apdrone_powertrain_pdf_prop_max,5043,project_max_over_table_max,0.987530048436,ratio,docs/data/apdrone_motor_thrust_pdf_reference.csv,https://data.mendeley.com/datasets/zgsvdtxnfh/2,direct_APdrone_motor_pdf_visible_table,"YSIDO 2507 1800KV PDF, visible prop table",apdrone_motor_pdf_prop_summary,"Visible PDF maxima; prop is from the APdrone motor PDF table, not necessarily the exact installed Foxeer Donut 5145."
apdrone_powertrain_pdf_prop_max,5043,table_max_over_project_max,1.01262741481,ratio,docs/data/apdrone_motor_thrust_pdf_reference.csv,https://data.mendeley.com/datasets/zgsvdtxnfh/2,direct_APdrone_motor_pdf_visible_table,"YSIDO 2507 1800KV PDF, visible prop table",apdrone_motor_pdf_prop_summary,"Visible PDF maxima; prop is from the APdrone motor PDF table, not necessarily the exact installed Foxeer Donut 5145."
apdrone_powertrain_pdf_prop_max,5045,max_table_thrust_n,14.1608026,N,docs/data/apdrone_motor_thrust_pdf_reference.csv,https://data.mendeley.com/datasets/zgsvdtxnfh/2,direct_APdrone_motor_pdf_visible_table,"YSIDO 2507 1800KV PDF, visible prop table",apdrone_motor_pdf_prop_summary,"Visible PDF maxima; prop is from the APdrone motor PDF table, not necessarily the exact installed Foxeer Donut 5145."
apdrone_powertrain_pdf_prop_max,5045,max_table_current_a,32.16,A,docs/data/apdrone_motor_thrust_pdf_reference.csv,https://data.mendeley.com/datasets/zgsvdtxnfh/2,direct_APdrone_motor_pdf_visible_table,"YSIDO 2507 1800KV PDF, visible prop table",apdrone_motor_pdf_prop_summary,"Visible PDF maxima; prop is from the APdrone motor PDF table, not necessarily the exact installed Foxeer Donut 5145."
apdrone_powertrain_pdf_prop_max,5045,max_table_power_w,784.5,W,docs/data/apdrone_motor_thrust_pdf_reference.csv,https://data.mendeley.com/datasets/zgsvdtxnfh/2,direct_APdrone_motor_pdf_visible_table,"YSIDO 2507 1800KV PDF, visible prop table",apdrone_motor_pdf_prop_summary,"Visible PDF maxima; prop is from the APdrone motor PDF table, not necessarily the exact installed Foxeer Donut 5145."
apdrone_powertrain_pdf_prop_max,5045,project_max_over_table_max,0.953335794682,ratio,docs/data/apdrone_motor_thrust_pdf_reference.csv,https://data.mendeley.com/datasets/zgsvdtxnfh/2,direct_APdrone_motor_pdf_visible_table,"YSIDO 2507 1800KV PDF, visible prop table",apdrone_motor_pdf_prop_summary,"Visible PDF maxima; prop is from the APdrone motor PDF table, not necessarily the exact installed Foxeer Donut 5145."
apdrone_powertrain_pdf_prop_max,5045,table_max_over_project_max,1.04894834074,ratio,docs/data/apdrone_motor_thrust_pdf_reference.csv,https://data.mendeley.com/datasets/zgsvdtxnfh/2,direct_APdrone_motor_pdf_visible_table,"YSIDO 2507 1800KV PDF, visible prop table",apdrone_motor_pdf_prop_summary,"Visible PDF maxima; prop is from the APdrone motor PDF table, not necessarily the exact installed Foxeer Donut 5145."
apdrone_powertrain_pdf_prop_max,6045R,max_table_thrust_n,12.03275955,N,docs/data/apdrone_motor_thrust_pdf_reference.csv,https://data.mendeley.com/datasets/zgsvdtxnfh/2,direct_APdrone_motor_pdf_visible_table,"YSIDO 2507 1800KV PDF, visible prop table",apdrone_motor_pdf_prop_summary,"Visible PDF maxima; prop is from the APdrone motor PDF table, not necessarily the exact installed Foxeer Donut 5145."
apdrone_powertrain_pdf_prop_max,6045R,max_table_current_a,29.66,A,docs/data/apdrone_motor_thrust_pdf_reference.csv,https://data.mendeley.com/datasets/zgsvdtxnfh/2,direct_APdrone_motor_pdf_visible_table,"YSIDO 2507 1800KV PDF, visible prop table",apdrone_motor_pdf_prop_summary,"Visible PDF maxima; prop is from the APdrone motor PDF table, not necessarily the exact installed Foxeer Donut 5145."
apdrone_powertrain_pdf_prop_max,6045R,max_table_power_w,492.1,W,docs/data/apdrone_motor_thrust_pdf_reference.csv,https://data.mendeley.com/datasets/zgsvdtxnfh/2,direct_APdrone_motor_pdf_visible_table,"YSIDO 2507 1800KV PDF, visible prop table",apdrone_motor_pdf_prop_summary,"Visible PDF maxima; prop is from the APdrone motor PDF table, not necessarily the exact installed Foxeer Donut 5145."
apdrone_powertrain_pdf_prop_max,6045R,project_max_over_table_max,1.12193715364,ratio,docs/data/apdrone_motor_thrust_pdf_reference.csv,https://data.mendeley.com/datasets/zgsvdtxnfh/2,direct_APdrone_motor_pdf_visible_table,"YSIDO 2507 1800KV PDF, visible prop table",apdrone_motor_pdf_prop_summary,"Visible PDF maxima; prop is from the APdrone motor PDF table, not necessarily the exact installed Foxeer Donut 5145."
apdrone_powertrain_pdf_prop_max,6045R,table_max_over_project_max,0.891315522222,ratio,docs/data/apdrone_motor_thrust_pdf_reference.csv,https://data.mendeley.com/datasets/zgsvdtxnfh/2,direct_APdrone_motor_pdf_visible_table,"YSIDO 2507 1800KV PDF, visible prop table",apdrone_motor_pdf_prop_summary,"Visible PDF maxima; prop is from the APdrone motor PDF table, not necessarily the exact installed Foxeer Donut 5145."
apdrone_powertrain_pdf_current_projection,all_visible_pdf_points:project_hover_per_motor,per_motor_thrust_n,1.540624715,N,docs/data/apdrone_motor_thrust_pdf_reference.csv,https://data.mendeley.com/datasets/zgsvdtxnfh/2,direct_APdrone_motor_pdf_fit_projection,YSIDO 2507 PDF current/power fit,apdrone_motor_pdf_operating_point_projection,Power-law current projection from visible APdrone motor PDF rows; hover and high-thrust endpoints can be extrapolations outside a specific prop table range.
apdrone_powertrain_pdf_current_projection,all_visible_pdf_points:project_hover_per_motor,predicted_current_total_a,5.87592089569,A,docs/data/apdrone_motor_thrust_pdf_reference.csv,https://data.mendeley.com/datasets/zgsvdtxnfh/2,direct_APdrone_motor_pdf_fit_projection,YSIDO 2507 PDF current/power fit,apdrone_motor_pdf_operating_point_projection,Power-law current projection from visible APdrone motor PDF rows; hover and high-thrust endpoints can be extrapolations outside a specific prop table range.
apdrone_powertrain_pdf_current_projection,all_visible_pdf_points:project_hover_per_motor,current_over_project_pack_limit,0.0391728059712,ratio,docs/data/apdrone_motor_thrust_pdf_reference.csv,https://data.mendeley.com/datasets/zgsvdtxnfh/2,direct_APdrone_motor_pdf_fit_projection,YSIDO 2507 PDF current/power fit,apdrone_motor_pdf_operating_point_projection,Power-law current projection from visible APdrone motor PDF rows; hover and high-thrust endpoints can be extrapolations outside a specific prop table range.
apdrone_powertrain_pdf_current_projection,all_visible_pdf_points:project_max_rotor_thrust,per_motor_thrust_n,13.5,N,docs/data/apdrone_motor_thrust_pdf_reference.csv,https://data.mendeley.com/datasets/zgsvdtxnfh/2,direct_APdrone_motor_pdf_fit_projection,YSIDO 2507 PDF current/power fit,apdrone_motor_pdf_operating_point_projection,Power-law current projection from visible APdrone motor PDF rows; hover and high-thrust endpoints can be extrapolations outside a specific prop table range.
apdrone_powertrain_pdf_current_projection,all_visible_pdf_points:project_max_rotor_thrust,predicted_current_total_a,130.038077978,A,docs/data/apdrone_motor_thrust_pdf_reference.csv,https://data.mendeley.com/datasets/zgsvdtxnfh/2,direct_APdrone_motor_pdf_fit_projection,YSIDO 2507 PDF current/power fit,apdrone_motor_pdf_operating_point_projection,Power-law current projection from visible APdrone motor PDF rows; hover and high-thrust endpoints can be extrapolations outside a specific prop table range.
apdrone_powertrain_pdf_current_projection,all_visible_pdf_points:project_max_rotor_thrust,current_over_project_pack_limit,0.866920519856,ratio,docs/data/apdrone_motor_thrust_pdf_reference.csv,https://data.mendeley.com/datasets/zgsvdtxnfh/2,direct_APdrone_motor_pdf_fit_projection,YSIDO 2507 PDF current/power fit,apdrone_motor_pdf_operating_point_projection,Power-law current projection from visible APdrone motor PDF rows; hover and high-thrust endpoints can be extrapolations outside a specific prop table range.
apdrone_powertrain_pdf_current_projection,all_visible_pdf_points:pdf_claim_max_thrust,per_motor_thrust_n,14.5922952,N,docs/data/apdrone_motor_thrust_pdf_reference.csv,https://data.mendeley.com/datasets/zgsvdtxnfh/2,direct_APdrone_motor_pdf_fit_projection,YSIDO 2507 PDF current/power fit,apdrone_motor_pdf_operating_point_projection,Power-law current projection from visible APdrone motor PDF rows; hover and high-thrust endpoints can be extrapolations outside a specific prop table range.
apdrone_powertrain_pdf_current_projection,all_visible_pdf_points:pdf_claim_max_thrust,predicted_current_total_a,145.305925942,A,docs/data/apdrone_motor_thrust_pdf_reference.csv,https://data.mendeley.com/datasets/zgsvdtxnfh/2,direct_APdrone_motor_pdf_fit_projection,YSIDO 2507 PDF current/power fit,apdrone_motor_pdf_operating_point_projection,Power-law current projection from visible APdrone motor PDF rows; hover and high-thrust endpoints can be extrapolations outside a specific prop table range.
apdrone_powertrain_pdf_current_projection,all_visible_pdf_points:pdf_claim_max_thrust,current_over_project_pack_limit,0.968706172945,ratio,docs/data/apdrone_motor_thrust_pdf_reference.csv,https://data.mendeley.com/datasets/zgsvdtxnfh/2,direct_APdrone_motor_pdf_fit_projection,YSIDO 2507 PDF current/power fit,apdrone_motor_pdf_operating_point_projection,Power-law current projection from visible APdrone motor PDF rows; hover and high-thrust endpoints can be extrapolations outside a specific prop table range.
apdrone_powertrain_pdf_current_projection,four_s_visible_points:project_hover_per_motor,per_motor_thrust_n,1.540624715,N,docs/data/apdrone_motor_thrust_pdf_reference.csv,https://data.mendeley.com/datasets/zgsvdtxnfh/2,direct_APdrone_motor_pdf_fit_projection,YSIDO 2507 PDF current/power fit,apdrone_motor_pdf_operating_point_projection,Power-law current projection from visible APdrone motor PDF rows; hover and high-thrust endpoints can be extrapolations outside a specific prop table range.
apdrone_powertrain_pdf_current_projection,four_s_visible_points:project_hover_per_motor,predicted_current_total_a,4.86621257907,A,docs/data/apdrone_motor_thrust_pdf_reference.csv,https://data.mendeley.com/datasets/zgsvdtxnfh/2,direct_APdrone_motor_pdf_fit_projection,YSIDO 2507 PDF current/power fit,apdrone_motor_pdf_operating_point_projection,Power-law current projection from visible APdrone motor PDF rows; hover and high-thrust endpoints can be extrapolations outside a specific prop table range.
apdrone_powertrain_pdf_current_projection,four_s_visible_points:project_hover_per_motor,current_over_project_pack_limit,0.0324414171938,ratio,docs/data/apdrone_motor_thrust_pdf_reference.csv,https://data.mendeley.com/datasets/zgsvdtxnfh/2,direct_APdrone_motor_pdf_fit_projection,YSIDO 2507 PDF current/power fit,apdrone_motor_pdf_operating_point_projection,Power-law current projection from visible APdrone motor PDF rows; hover and high-thrust endpoints can be extrapolations outside a specific prop table range.
apdrone_powertrain_pdf_current_projection,four_s_visible_points:project_max_rotor_thrust,per_motor_thrust_n,13.5,N,docs/data/apdrone_motor_thrust_pdf_reference.csv,https://data.mendeley.com/datasets/zgsvdtxnfh/2,direct_APdrone_motor_pdf_fit_projection,YSIDO 2507 PDF current/power fit,apdrone_motor_pdf_operating_point_projection,Power-law current projection from visible APdrone motor PDF rows; hover and high-thrust endpoints can be extrapolations outside a specific prop table range.
apdrone_powertrain_pdf_current_projection,four_s_visible_points:project_max_rotor_thrust,predicted_current_total_a,139.20979028,A,docs/data/apdrone_motor_thrust_pdf_reference.csv,https://data.mendeley.com/datasets/zgsvdtxnfh/2,direct_APdrone_motor_pdf_fit_projection,YSIDO 2507 PDF current/power fit,apdrone_motor_pdf_operating_point_projection,Power-law current projection from visible APdrone motor PDF rows; hover and high-thrust endpoints can be extrapolations outside a specific prop table range.
apdrone_powertrain_pdf_current_projection,four_s_visible_points:project_max_rotor_thrust,current_over_project_pack_limit,0.928065268535,ratio,docs/data/apdrone_motor_thrust_pdf_reference.csv,https://data.mendeley.com/datasets/zgsvdtxnfh/2,direct_APdrone_motor_pdf_fit_projection,YSIDO 2507 PDF current/power fit,apdrone_motor_pdf_operating_point_projection,Power-law current projection from visible APdrone motor PDF rows; hover and high-thrust endpoints can be extrapolations outside a specific prop table range.
apdrone_powertrain_pdf_current_projection,four_s_visible_points:pdf_claim_max_thrust,per_motor_thrust_n,14.5922952,N,docs/data/apdrone_motor_thrust_pdf_reference.csv,https://data.mendeley.com/datasets/zgsvdtxnfh/2,direct_APdrone_motor_pdf_fit_projection,YSIDO 2507 PDF current/power fit,apdrone_motor_pdf_operating_point_projection,Power-law current projection from visible APdrone motor PDF rows; hover and high-thrust endpoints can be extrapolations outside a specific prop table range.
apdrone_powertrain_pdf_current_projection,four_s_visible_points:pdf_claim_max_thrust,predicted_current_total_a,156.992473378,A,docs/data/apdrone_motor_thrust_pdf_reference.csv,https://data.mendeley.com/datasets/zgsvdtxnfh/2,direct_APdrone_motor_pdf_fit_projection,YSIDO 2507 PDF current/power fit,apdrone_motor_pdf_operating_point_projection,Power-law current projection from visible APdrone motor PDF rows; hover and high-thrust endpoints can be extrapolations outside a specific prop table range.
apdrone_powertrain_pdf_current_projection,four_s_visible_points:pdf_claim_max_thrust,current_over_project_pack_limit,1.04661648919,ratio,docs/data/apdrone_motor_thrust_pdf_reference.csv,https://data.mendeley.com/datasets/zgsvdtxnfh/2,direct_APdrone_motor_pdf_fit_projection,YSIDO 2507 PDF current/power fit,apdrone_motor_pdf_operating_point_projection,Power-law current projection from visible APdrone motor PDF rows; hover and high-thrust endpoints can be extrapolations outside a specific prop table range.
apdrone_powertrain_pdf_current_projection,five_inch_six_s_points:project_hover_per_motor,per_motor_thrust_n,1.540624715,N,docs/data/apdrone_motor_thrust_pdf_reference.csv,https://data.mendeley.com/datasets/zgsvdtxnfh/2,direct_APdrone_motor_pdf_fit_projection,YSIDO 2507 PDF current/power fit,apdrone_motor_pdf_operating_point_projection,Power-law current projection from visible APdrone motor PDF rows; hover and high-thrust endpoints can be extrapolations outside a specific prop table range.
apdrone_powertrain_pdf_current_projection,five_inch_six_s_points:project_hover_per_motor,predicted_current_total_a,6.78943808265,A,docs/data/apdrone_motor_thrust_pdf_reference.csv,https://data.mendeley.com/datasets/zgsvdtxnfh/2,direct_APdrone_motor_pdf_fit_projection,YSIDO 2507 PDF current/power fit,apdrone_motor_pdf_operating_point_projection,Power-law current projection from visible APdrone motor PDF rows; hover and high-thrust endpoints can be extrapolations outside a specific prop table range.
apdrone_powertrain_pdf_current_projection,five_inch_six_s_points:project_hover_per_motor,current_over_project_pack_limit,0.045262920551,ratio,docs/data/apdrone_motor_thrust_pdf_reference.csv,https://data.mendeley.com/datasets/zgsvdtxnfh/2,direct_APdrone_motor_pdf_fit_projection,YSIDO 2507 PDF current/power fit,apdrone_motor_pdf_operating_point_projection,Power-law current projection from visible APdrone motor PDF rows; hover and high-thrust endpoints can be extrapolations outside a specific prop table range.
apdrone_powertrain_pdf_current_projection,five_inch_six_s_points:project_max_rotor_thrust,per_motor_thrust_n,13.5,N,docs/data/apdrone_motor_thrust_pdf_reference.csv,https://data.mendeley.com/datasets/zgsvdtxnfh/2,direct_APdrone_motor_pdf_fit_projection,YSIDO 2507 PDF current/power fit,apdrone_motor_pdf_operating_point_projection,Power-law current projection from visible APdrone motor PDF rows; hover and high-thrust endpoints can be extrapolations outside a specific prop table range.
apdrone_powertrain_pdf_current_projection,five_inch_six_s_points:project_max_rotor_thrust,predicted_current_total_a,124.623618347,A,docs/data/apdrone_motor_thrust_pdf_reference.csv,https://data.mendeley.com/datasets/zgsvdtxnfh/2,direct_APdrone_motor_pdf_fit_projection,YSIDO 2507 PDF current/power fit,apdrone_motor_pdf_operating_point_projection,Power-law current projection from visible APdrone motor PDF rows; hover and high-thrust endpoints can be extrapolations outside a specific prop table range.
apdrone_powertrain_pdf_current_projection,five_inch_six_s_points:project_max_rotor_thrust,current_over_project_pack_limit,0.83082412231,ratio,docs/data/apdrone_motor_thrust_pdf_reference.csv,https://data.mendeley.com/datasets/zgsvdtxnfh/2,direct_APdrone_motor_pdf_fit_projection,YSIDO 2507 PDF current/power fit,apdrone_motor_pdf_operating_point_projection,Power-law current projection from visible APdrone motor PDF rows; hover and high-thrust endpoints can be extrapolations outside a specific prop table range.
apdrone_powertrain_pdf_current_projection,five_inch_six_s_points:pdf_claim_max_thrust,per_motor_thrust_n,14.5922952,N,docs/data/apdrone_motor_thrust_pdf_reference.csv,https://data.mendeley.com/datasets/zgsvdtxnfh/2,direct_APdrone_motor_pdf_fit_projection,YSIDO 2507 PDF current/power fit,apdrone_motor_pdf_operating_point_projection,Power-law current projection from visible APdrone motor PDF rows; hover and high-thrust endpoints can be extrapolations outside a specific prop table range.
apdrone_powertrain_pdf_current_projection,five_inch_six_s_points:pdf_claim_max_thrust,predicted_current_total_a,138.325240128,A,docs/data/apdrone_motor_thrust_pdf_reference.csv,https://data.mendeley.com/datasets/zgsvdtxnfh/2,direct_APdrone_motor_pdf_fit_projection,YSIDO 2507 PDF current/power fit,apdrone_motor_pdf_operating_point_projection,Power-law current projection from visible APdrone motor PDF rows; hover and high-thrust endpoints can be extrapolations outside a specific prop table range.
apdrone_powertrain_pdf_current_projection,five_inch_six_s_points:pdf_claim_max_thrust,current_over_project_pack_limit,0.922168267517,ratio,docs/data/apdrone_motor_thrust_pdf_reference.csv,https://data.mendeley.com/datasets/zgsvdtxnfh/2,direct_APdrone_motor_pdf_fit_projection,YSIDO 2507 PDF current/power fit,apdrone_motor_pdf_operating_point_projection,Power-law current projection from visible APdrone motor PDF rows; hover and high-thrust endpoints can be extrapolations outside a specific prop table range.
apdrone_powertrain_pdf_current_projection,prop_7056_3r_4s:project_hover_per_motor,per_motor_thrust_n,1.540624715,N,docs/data/apdrone_motor_thrust_pdf_reference.csv,https://data.mendeley.com/datasets/zgsvdtxnfh/2,direct_APdrone_motor_pdf_fit_projection,YSIDO 2507 PDF current/power fit,apdrone_motor_pdf_operating_point_projection,Power-law current projection from visible APdrone motor PDF rows; hover and high-thrust endpoints can be extrapolations outside a specific prop table range.
apdrone_powertrain_pdf_current_projection,prop_7056_3r_4s:project_hover_per_motor,predicted_current_total_a,3.56004096432,A,docs/data/apdrone_motor_thrust_pdf_reference.csv,https://data.mendeley.com/datasets/zgsvdtxnfh/2,direct_APdrone_motor_pdf_fit_projection,YSIDO 2507 PDF current/power fit,apdrone_motor_pdf_operating_point_projection,Power-law current projection from visible APdrone motor PDF rows; hover and high-thrust endpoints can be extrapolations outside a specific prop table range.
apdrone_powertrain_pdf_current_projection,prop_7056_3r_4s:project_hover_per_motor,current_over_project_pack_limit,0.0237336064288,ratio,docs/data/apdrone_motor_thrust_pdf_reference.csv,https://data.mendeley.com/datasets/zgsvdtxnfh/2,direct_APdrone_motor_pdf_fit_projection,YSIDO 2507 PDF current/power fit,apdrone_motor_pdf_operating_point_projection,Power-law current projection from visible APdrone motor PDF rows; hover and high-thrust endpoints can be extrapolations outside a specific prop table range.
apdrone_powertrain_pdf_current_projection,prop_7056_3r_4s:project_max_rotor_thrust,per_motor_thrust_n,13.5,N,docs/data/apdrone_motor_thrust_pdf_reference.csv,https://data.mendeley.com/datasets/zgsvdtxnfh/2,direct_APdrone_motor_pdf_fit_projection,YSIDO 2507 PDF current/power fit,apdrone_motor_pdf_operating_point_projection,Power-law current projection from visible APdrone motor PDF rows; hover and high-thrust endpoints can be extrapolations outside a specific prop table range.
apdrone_powertrain_pdf_current_projection,prop_7056_3r_4s:project_max_rotor_thrust,predicted_current_total_a,143.722718765,A,docs/data/apdrone_motor_thrust_pdf_reference.csv,https://data.mendeley.com/datasets/zgsvdtxnfh/2,direct_APdrone_motor_pdf_fit_projection,YSIDO 2507 PDF current/power fit,apdrone_motor_pdf_operating_point_projection,Power-law current projection from visible APdrone motor PDF rows; hover and high-thrust endpoints can be extrapolations outside a specific prop table range.
apdrone_powertrain_pdf_current_projection,prop_7056_3r_4s:project_max_rotor_thrust,current_over_project_pack_limit,0.958151458435,ratio,docs/data/apdrone_motor_thrust_pdf_reference.csv,https://data.mendeley.com/datasets/zgsvdtxnfh/2,direct_APdrone_motor_pdf_fit_projection,YSIDO 2507 PDF current/power fit,apdrone_motor_pdf_operating_point_projection,Power-law current projection from visible APdrone motor PDF rows; hover and high-thrust endpoints can be extrapolations outside a specific prop table range.
apdrone_powertrain_pdf_current_projection,prop_7056_3r_4s:pdf_claim_max_thrust,per_motor_thrust_n,14.5922952,N,docs/data/apdrone_motor_thrust_pdf_reference.csv,https://data.mendeley.com/datasets/zgsvdtxnfh/2,direct_APdrone_motor_pdf_fit_projection,YSIDO 2507 PDF current/power fit,apdrone_motor_pdf_operating_point_projection,Power-law current projection from visible APdrone motor PDF rows; hover and high-thrust endpoints can be extrapolations outside a specific prop table range.
apdrone_powertrain_pdf_current_projection,prop_7056_3r_4s:pdf_claim_max_thrust,predicted_current_total_a,164.095531008,A,docs/data/apdrone_motor_thrust_pdf_reference.csv,https://data.mendeley.com/datasets/zgsvdtxnfh/2,direct_APdrone_motor_pdf_fit_projection,YSIDO 2507 PDF current/power fit,apdrone_motor_pdf_operating_point_projection,Power-law current projection from visible APdrone motor PDF rows; hover and high-thrust endpoints can be extrapolations outside a specific prop table range.
apdrone_powertrain_pdf_current_projection,prop_7056_3r_4s:pdf_claim_max_thrust,current_over_project_pack_limit,1.09397020672,ratio,docs/data/apdrone_motor_thrust_pdf_reference.csv,https://data.mendeley.com/datasets/zgsvdtxnfh/2,direct_APdrone_motor_pdf_fit_projection,YSIDO 2507 PDF current/power fit,apdrone_motor_pdf_operating_point_projection,Power-law current projection from visible APdrone motor PDF rows; hover and high-thrust endpoints can be extrapolations outside a specific prop table range.
apdrone_powertrain_pdf_current_projection,prop_6045r_4s:project_hover_per_motor,per_motor_thrust_n,1.540624715,N,docs/data/apdrone_motor_thrust_pdf_reference.csv,https://data.mendeley.com/datasets/zgsvdtxnfh/2,direct_APdrone_motor_pdf_fit_projection,YSIDO 2507 PDF current/power fit,apdrone_motor_pdf_operating_point_projection,Power-law current projection from visible APdrone motor PDF rows; hover and high-thrust endpoints can be extrapolations outside a specific prop table range.
apdrone_powertrain_pdf_current_projection,prop_6045r_4s:project_hover_per_motor,predicted_current_total_a,5.56525525849,A,docs/data/apdrone_motor_thrust_pdf_reference.csv,https://data.mendeley.com/datasets/zgsvdtxnfh/2,direct_APdrone_motor_pdf_fit_projection,YSIDO 2507 PDF current/power fit,apdrone_motor_pdf_operating_point_projection,Power-law current projection from visible APdrone motor PDF rows; hover and high-thrust endpoints can be extrapolations outside a specific prop table range.
apdrone_powertrain_pdf_current_projection,prop_6045r_4s:project_hover_per_motor,current_over_project_pack_limit,0.0371017017232,ratio,docs/data/apdrone_motor_thrust_pdf_reference.csv,https://data.mendeley.com/datasets/zgsvdtxnfh/2,direct_APdrone_motor_pdf_fit_projection,YSIDO 2507 PDF current/power fit,apdrone_motor_pdf_operating_point_projection,Power-law current projection from visible APdrone motor PDF rows; hover and high-thrust endpoints can be extrapolations outside a specific prop table range.
apdrone_powertrain_pdf_current_projection,prop_6045r_4s:project_max_rotor_thrust,per_motor_thrust_n,13.5,N,docs/data/apdrone_motor_thrust_pdf_reference.csv,https://data.mendeley.com/datasets/zgsvdtxnfh/2,direct_APdrone_motor_pdf_fit_projection,YSIDO 2507 PDF current/power fit,apdrone_motor_pdf_operating_point_projection,Power-law current projection from visible APdrone motor PDF rows; hover and high-thrust endpoints can be extrapolations outside a specific prop table range.
apdrone_powertrain_pdf_current_projection,prop_6045r_4s:project_max_rotor_thrust,predicted_current_total_a,137.948579028,A,docs/data/apdrone_motor_thrust_pdf_reference.csv,https://data.mendeley.com/datasets/zgsvdtxnfh/2,direct_APdrone_motor_pdf_fit_projection,YSIDO 2507 PDF current/power fit,apdrone_motor_pdf_operating_point_projection,Power-law current projection from visible APdrone motor PDF rows; hover and high-thrust endpoints can be extrapolations outside a specific prop table range.
apdrone_powertrain_pdf_current_projection,prop_6045r_4s:project_max_rotor_thrust,current_over_project_pack_limit,0.919657193522,ratio,docs/data/apdrone_motor_thrust_pdf_reference.csv,https://data.mendeley.com/datasets/zgsvdtxnfh/2,direct_APdrone_motor_pdf_fit_projection,YSIDO 2507 PDF current/power fit,apdrone_motor_pdf_operating_point_projection,Power-law current projection from visible APdrone motor PDF rows; hover and high-thrust endpoints can be extrapolations outside a specific prop table range.
apdrone_powertrain_pdf_current_projection,prop_6045r_4s:pdf_claim_max_thrust,per_motor_thrust_n,14.5922952,N,docs/data/apdrone_motor_thrust_pdf_reference.csv,https://data.mendeley.com/datasets/zgsvdtxnfh/2,direct_APdrone_motor_pdf_fit_projection,YSIDO 2507 PDF current/power fit,apdrone_motor_pdf_operating_point_projection,Power-law current projection from visible APdrone motor PDF rows; hover and high-thrust endpoints can be extrapolations outside a specific prop table range.
apdrone_powertrain_pdf_current_projection,prop_6045r_4s:pdf_claim_max_thrust,predicted_current_total_a,154.77292442,A,docs/data/apdrone_motor_thrust_pdf_reference.csv,https://data.mendeley.com/datasets/zgsvdtxnfh/2,direct_APdrone_motor_pdf_fit_projection,YSIDO 2507 PDF current/power fit,apdrone_motor_pdf_operating_point_projection,Power-law current projection from visible APdrone motor PDF rows; hover and high-thrust endpoints can be extrapolations outside a specific prop table range.
apdrone_powertrain_pdf_current_projection,prop_6045r_4s:pdf_claim_max_thrust,current_over_project_pack_limit,1.03181949614,ratio,docs/data/apdrone_motor_thrust_pdf_reference.csv,https://data.mendeley.com/datasets/zgsvdtxnfh/2,direct_APdrone_motor_pdf_fit_projection,YSIDO 2507 PDF current/power fit,apdrone_motor_pdf_operating_point_projection,Power-law current projection from visible APdrone motor PDF rows; hover and high-thrust endpoints can be extrapolations outside a specific prop table range.
apdrone_powertrain_pdf_current_projection,prop_5045_6s:project_hover_per_motor,per_motor_thrust_n,1.540624715,N,docs/data/apdrone_motor_thrust_pdf_reference.csv,https://data.mendeley.com/datasets/zgsvdtxnfh/2,direct_APdrone_motor_pdf_fit_projection,YSIDO 2507 PDF current/power fit,apdrone_motor_pdf_operating_point_projection,Power-law current projection from visible APdrone motor PDF rows; hover and high-thrust endpoints can be extrapolations outside a specific prop table range.
apdrone_powertrain_pdf_current_projection,prop_5045_6s:project_hover_per_motor,predicted_current_total_a,7.11429380383,A,docs/data/apdrone_motor_thrust_pdf_reference.csv,https://data.mendeley.com/datasets/zgsvdtxnfh/2,direct_APdrone_motor_pdf_fit_projection,YSIDO 2507 PDF current/power fit,apdrone_motor_pdf_operating_point_projection,Power-law current projection from visible APdrone motor PDF rows; hover and high-thrust endpoints can be extrapolations outside a specific prop table range.
apdrone_powertrain_pdf_current_projection,prop_5045_6s:project_hover_per_motor,current_over_project_pack_limit,0.0474286253588,ratio,docs/data/apdrone_motor_thrust_pdf_reference.csv,https://data.mendeley.com/datasets/zgsvdtxnfh/2,direct_APdrone_motor_pdf_fit_projection,YSIDO 2507 PDF current/power fit,apdrone_motor_pdf_operating_point_projection,Power-law current projection from visible APdrone motor PDF rows; hover and high-thrust endpoints can be extrapolations outside a specific prop table range.
apdrone_powertrain_pdf_current_projection,prop_5045_6s:project_max_rotor_thrust,per_motor_thrust_n,13.5,N,docs/data/apdrone_motor_thrust_pdf_reference.csv,https://data.mendeley.com/datasets/zgsvdtxnfh/2,direct_APdrone_motor_pdf_fit_projection,YSIDO 2507 PDF current/power fit,apdrone_motor_pdf_operating_point_projection,Power-law current projection from visible APdrone motor PDF rows; hover and high-thrust endpoints can be extrapolations outside a specific prop table range.
apdrone_powertrain_pdf_current_projection,prop_5045_6s:project_max_rotor_thrust,predicted_current_total_a,120.370343605,A,docs/data/apdrone_motor_thrust_pdf_reference.csv,https://data.mendeley.com/datasets/zgsvdtxnfh/2,direct_APdrone_motor_pdf_fit_projection,YSIDO 2507 PDF current/power fit,apdrone_motor_pdf_operating_point_projection,Power-law current projection from visible APdrone motor PDF rows; hover and high-thrust endpoints can be extrapolations outside a specific prop table range.
apdrone_powertrain_pdf_current_projection,prop_5045_6s:project_max_rotor_thrust,current_over_project_pack_limit,0.802468957365,ratio,docs/data/apdrone_motor_thrust_pdf_reference.csv,https://data.mendeley.com/datasets/zgsvdtxnfh/2,direct_APdrone_motor_pdf_fit_projection,YSIDO 2507 PDF current/power fit,apdrone_motor_pdf_operating_point_projection,Power-law current projection from visible APdrone motor PDF rows; hover and high-thrust endpoints can be extrapolations outside a specific prop table range.
apdrone_powertrain_pdf_current_projection,prop_5045_6s:pdf_claim_max_thrust,per_motor_thrust_n,14.5922952,N,docs/data/apdrone_motor_thrust_pdf_reference.csv,https://data.mendeley.com/datasets/zgsvdtxnfh/2,direct_APdrone_motor_pdf_fit_projection,YSIDO 2507 PDF current/power fit,apdrone_motor_pdf_operating_point_projection,Power-law current projection from visible APdrone motor PDF rows; hover and high-thrust endpoints can be extrapolations outside a specific prop table range.
apdrone_powertrain_pdf_current_projection,prop_5045_6s:pdf_claim_max_thrust,predicted_current_total_a,133.214771601,A,docs/data/apdrone_motor_thrust_pdf_reference.csv,https://data.mendeley.com/datasets/zgsvdtxnfh/2,direct_APdrone_motor_pdf_fit_projection,YSIDO 2507 PDF current/power fit,apdrone_motor_pdf_operating_point_projection,Power-law current projection from visible APdrone motor PDF rows; hover and high-thrust endpoints can be extrapolations outside a specific prop table range.
apdrone_powertrain_pdf_current_projection,prop_5045_6s:pdf_claim_max_thrust,current_over_project_pack_limit,0.888098477343,ratio,docs/data/apdrone_motor_thrust_pdf_reference.csv,https://data.mendeley.com/datasets/zgsvdtxnfh/2,direct_APdrone_motor_pdf_fit_projection,YSIDO 2507 PDF current/power fit,apdrone_motor_pdf_operating_point_projection,Power-law current projection from visible APdrone motor PDF rows; hover and high-thrust endpoints can be extrapolations outside a specific prop table range.
apdrone_powertrain_pdf_loaded_k_anchor,7056 3R:pdf_1800kv,estimated_k_mean,1.82919010113e-06,N/(rad/s)^2,docs/data/apdrone_motor_thrust_pdf_reference.csv,https://data.mendeley.com/datasets/zgsvdtxnfh/2,direct_APdrone_motor_pdf_back_emf_estimate,YSIDO 2507 PDF full-throttle rows with assumed KV,apdrone_motor_pdf_loaded_rpm_k_summary,"Loaded-RPM estimate from motor resistance and KV, not measured RPM."
apdrone_powertrain_pdf_loaded_k_anchor,7056 3R:pdf_1800kv,project_k_over_estimated_k_mean,0.760936548196,ratio,docs/data/apdrone_motor_thrust_pdf_reference.csv,https://data.mendeley.com/datasets/zgsvdtxnfh/2,direct_APdrone_motor_pdf_back_emf_estimate,YSIDO 2507 PDF full-throttle rows with assumed KV,apdrone_motor_pdf_loaded_rpm_k_summary,"Loaded-RPM estimate from motor resistance and KV, not measured RPM."
apdrone_powertrain_pdf_loaded_k_anchor,7056 3R:pdf_1800kv,estimated_k_mean_over_project_k,1.31417002163,ratio,docs/data/apdrone_motor_thrust_pdf_reference.csv,https://data.mendeley.com/datasets/zgsvdtxnfh/2,direct_APdrone_motor_pdf_back_emf_estimate,YSIDO 2507 PDF full-throttle rows with assumed KV,apdrone_motor_pdf_loaded_rpm_k_summary,"Loaded-RPM estimate from motor resistance and KV, not measured RPM."
apdrone_powertrain_pdf_loaded_k_anchor,7056 3R:betaflight_config_1960kv,estimated_k_mean,1.54273634102e-06,N/(rad/s)^2,docs/data/apdrone_motor_thrust_pdf_reference.csv,https://data.mendeley.com/datasets/zgsvdtxnfh/2,direct_APdrone_motor_pdf_back_emf_estimate,YSIDO 2507 PDF full-throttle rows with assumed KV,apdrone_motor_pdf_loaded_rpm_k_summary,"Loaded-RPM estimate from motor resistance and KV, not measured RPM."
apdrone_powertrain_pdf_loaded_k_anchor,7056 3R:betaflight_config_1960kv,project_k_over_estimated_k_mean,0.902226494923,ratio,docs/data/apdrone_motor_thrust_pdf_reference.csv,https://data.mendeley.com/datasets/zgsvdtxnfh/2,direct_APdrone_motor_pdf_back_emf_estimate,YSIDO 2507 PDF full-throttle rows with assumed KV,apdrone_motor_pdf_loaded_rpm_k_summary,"Loaded-RPM estimate from motor resistance and KV, not measured RPM."
apdrone_powertrain_pdf_loaded_k_anchor,7056 3R:betaflight_config_1960kv,estimated_k_mean_over_project_k,1.10836913528,ratio,docs/data/apdrone_motor_thrust_pdf_reference.csv,https://data.mendeley.com/datasets/zgsvdtxnfh/2,direct_APdrone_motor_pdf_back_emf_estimate,YSIDO 2507 PDF full-throttle rows with assumed KV,apdrone_motor_pdf_loaded_rpm_k_summary,"Loaded-RPM estimate from motor resistance and KV, not measured RPM."
apdrone_powertrain_pdf_loaded_k_anchor,5043:pdf_1800kv,estimated_k_mean,7.63131423591e-07,N/(rad/s)^2,docs/data/apdrone_motor_thrust_pdf_reference.csv,https://data.mendeley.com/datasets/zgsvdtxnfh/2,direct_APdrone_motor_pdf_back_emf_estimate,YSIDO 2507 PDF full-throttle rows with assumed KV,apdrone_motor_pdf_loaded_rpm_k_summary,"Loaded-RPM estimate from motor resistance and KV, not measured RPM."
apdrone_powertrain_pdf_loaded_k_anchor,5043:pdf_1800kv,project_k_over_estimated_k_mean,1.82392908813,ratio,docs/data/apdrone_motor_thrust_pdf_reference.csv,https://data.mendeley.com/datasets/zgsvdtxnfh/2,direct_APdrone_motor_pdf_back_emf_estimate,YSIDO 2507 PDF full-throttle rows with assumed KV,apdrone_motor_pdf_loaded_rpm_k_summary,"Loaded-RPM estimate from motor resistance and KV, not measured RPM."
apdrone_powertrain_pdf_loaded_k_anchor,5043:pdf_1800kv,estimated_k_mean_over_project_k,0.548266929076,ratio,docs/data/apdrone_motor_thrust_pdf_reference.csv,https://data.mendeley.com/datasets/zgsvdtxnfh/2,direct_APdrone_motor_pdf_back_emf_estimate,YSIDO 2507 PDF full-throttle rows with assumed KV,apdrone_motor_pdf_loaded_rpm_k_summary,"Loaded-RPM estimate from motor resistance and KV, not measured RPM."
apdrone_powertrain_pdf_loaded_k_anchor,5043:betaflight_config_1960kv,estimated_k_mean,6.43623962004e-07,N/(rad/s)^2,docs/data/apdrone_motor_thrust_pdf_reference.csv,https://data.mendeley.com/datasets/zgsvdtxnfh/2,direct_APdrone_motor_pdf_back_emf_estimate,YSIDO 2507 PDF full-throttle rows with assumed KV,apdrone_motor_pdf_loaded_rpm_k_summary,"Loaded-RPM estimate from motor resistance and KV, not measured RPM."
apdrone_powertrain_pdf_loaded_k_anchor,5043:betaflight_config_1960kv,project_k_over_estimated_k_mean,2.1625944398,ratio,docs/data/apdrone_motor_thrust_pdf_reference.csv,https://data.mendeley.com/datasets/zgsvdtxnfh/2,direct_APdrone_motor_pdf_back_emf_estimate,YSIDO 2507 PDF full-throttle rows with assumed KV,apdrone_motor_pdf_loaded_rpm_k_summary,"Loaded-RPM estimate from motor resistance and KV, not measured RPM."
apdrone_powertrain_pdf_loaded_k_anchor,5043:betaflight_config_1960kv,estimated_k_mean_over_project_k,0.462407551595,ratio,docs/data/apdrone_motor_thrust_pdf_reference.csv,https://data.mendeley.com/datasets/zgsvdtxnfh/2,direct_APdrone_motor_pdf_back_emf_estimate,YSIDO 2507 PDF full-throttle rows with assumed KV,apdrone_motor_pdf_loaded_rpm_k_summary,"Loaded-RPM estimate from motor resistance and KV, not measured RPM."
apdrone_powertrain_pdf_loaded_k_anchor,5045:pdf_1800kv,estimated_k_mean,7.86884922403e-07,N/(rad/s)^2,docs/data/apdrone_motor_thrust_pdf_reference.csv,https://data.mendeley.com/datasets/zgsvdtxnfh/2,direct_APdrone_motor_pdf_back_emf_estimate,YSIDO 2507 PDF full-throttle rows with assumed KV,apdrone_motor_pdf_loaded_rpm_k_summary,"Loaded-RPM estimate from motor resistance and KV, not measured RPM."
apdrone_powertrain_pdf_loaded_k_anchor,5045:pdf_1800kv,project_k_over_estimated_k_mean,1.76887059584,ratio,docs/data/apdrone_motor_thrust_pdf_reference.csv,https://data.mendeley.com/datasets/zgsvdtxnfh/2,direct_APdrone_motor_pdf_back_emf_estimate,YSIDO 2507 PDF full-throttle rows with assumed KV,apdrone_motor_pdf_loaded_rpm_k_summary,"Loaded-RPM estimate from motor resistance and KV, not measured RPM."
apdrone_powertrain_pdf_loaded_k_anchor,5045:pdf_1800kv,estimated_k_mean_over_project_k,0.565332479577,ratio,docs/data/apdrone_motor_thrust_pdf_reference.csv,https://data.mendeley.com/datasets/zgsvdtxnfh/2,direct_APdrone_motor_pdf_back_emf_estimate,YSIDO 2507 PDF full-throttle rows with assumed KV,apdrone_motor_pdf_loaded_rpm_k_summary,"Loaded-RPM estimate from motor resistance and KV, not measured RPM."
apdrone_powertrain_pdf_loaded_k_anchor,5045:betaflight_config_1960kv,estimated_k_mean,6.63657629265e-07,N/(rad/s)^2,docs/data/apdrone_motor_thrust_pdf_reference.csv,https://data.mendeley.com/datasets/zgsvdtxnfh/2,direct_APdrone_motor_pdf_back_emf_estimate,YSIDO 2507 PDF full-throttle rows with assumed KV,apdrone_motor_pdf_loaded_rpm_k_summary,"Loaded-RPM estimate from motor resistance and KV, not measured RPM."
apdrone_powertrain_pdf_loaded_k_anchor,5045:betaflight_config_1960kv,project_k_over_estimated_k_mean,2.09731274105,ratio,docs/data/apdrone_motor_thrust_pdf_reference.csv,https://data.mendeley.com/datasets/zgsvdtxnfh/2,direct_APdrone_motor_pdf_back_emf_estimate,YSIDO 2507 PDF full-throttle rows with assumed KV,apdrone_motor_pdf_loaded_rpm_k_summary,"Loaded-RPM estimate from motor resistance and KV, not measured RPM."
apdrone_powertrain_pdf_loaded_k_anchor,5045:betaflight_config_1960kv,estimated_k_mean_over_project_k,0.476800612721,ratio,docs/data/apdrone_motor_thrust_pdf_reference.csv,https://data.mendeley.com/datasets/zgsvdtxnfh/2,direct_APdrone_motor_pdf_back_emf_estimate,YSIDO 2507 PDF full-throttle rows with assumed KV,apdrone_motor_pdf_loaded_rpm_k_summary,"Loaded-RPM estimate from motor resistance and KV, not measured RPM."
apdrone_powertrain_pdf_loaded_k_anchor,6045R:pdf_1800kv,estimated_k_mean,1.53531522189e-06,N/(rad/s)^2,docs/data/apdrone_motor_thrust_pdf_reference.csv,https://data.mendeley.com/datasets/zgsvdtxnfh/2,direct_APdrone_motor_pdf_back_emf_estimate,YSIDO 2507 PDF full-throttle rows with assumed KV,apdrone_motor_pdf_loaded_rpm_k_summary,"Loaded-RPM estimate from motor resistance and KV, not measured RPM."
apdrone_powertrain_pdf_loaded_k_anchor,6045R:pdf_1800kv,project_k_over_estimated_k_mean,0.906587508353,ratio,docs/data/apdrone_motor_thrust_pdf_reference.csv,https://data.mendeley.com/datasets/zgsvdtxnfh/2,direct_APdrone_motor_pdf_back_emf_estimate,YSIDO 2507 PDF full-throttle rows with assumed KV,apdrone_motor_pdf_loaded_rpm_k_summary,"Loaded-RPM estimate from motor resistance and KV, not measured RPM."
apdrone_powertrain_pdf_loaded_k_anchor,6045R:pdf_1800kv,estimated_k_mean_over_project_k,1.10303747932,ratio,docs/data/apdrone_motor_thrust_pdf_reference.csv,https://data.mendeley.com/datasets/zgsvdtxnfh/2,direct_APdrone_motor_pdf_back_emf_estimate,YSIDO 2507 PDF full-throttle rows with assumed KV,apdrone_motor_pdf_loaded_rpm_k_summary,"Loaded-RPM estimate from motor resistance and KV, not measured RPM."
apdrone_powertrain_pdf_loaded_k_anchor,6045R:betaflight_config_1960kv,estimated_k_mean,1.29488268402e-06,N/(rad/s)^2,docs/data/apdrone_motor_thrust_pdf_reference.csv,https://data.mendeley.com/datasets/zgsvdtxnfh/2,direct_APdrone_motor_pdf_back_emf_estimate,YSIDO 2507 PDF full-throttle rows with assumed KV,apdrone_motor_pdf_loaded_rpm_k_summary,"Loaded-RPM estimate from motor resistance and KV, not measured RPM."
apdrone_powertrain_pdf_loaded_k_anchor,6045R:betaflight_config_1960kv,project_k_over_estimated_k_mean,1.07492178151,ratio,docs/data/apdrone_motor_thrust_pdf_reference.csv,https://data.mendeley.com/datasets/zgsvdtxnfh/2,direct_APdrone_motor_pdf_back_emf_estimate,YSIDO 2507 PDF full-throttle rows with assumed KV,apdrone_motor_pdf_loaded_rpm_k_summary,"Loaded-RPM estimate from motor resistance and KV, not measured RPM."
apdrone_powertrain_pdf_loaded_k_anchor,6045R:betaflight_config_1960kv,estimated_k_mean_over_project_k,0.930300248076,ratio,docs/data/apdrone_motor_thrust_pdf_reference.csv,https://data.mendeley.com/datasets/zgsvdtxnfh/2,direct_APdrone_motor_pdf_back_emf_estimate,YSIDO 2507 PDF full-throttle rows with assumed KV,apdrone_motor_pdf_loaded_rpm_k_summary,"Loaded-RPM estimate from motor resistance and KV, not measured RPM."
apdrone_powertrain_foxeer_image_anchor,DALPROP 5146.5,thrust_n,13.7341544851,N,docs/data/foxeer_donut_5145_thrust_image_reference.csv,https://blog.unmanned.tech/quiet-skies-powerful-flights-exploring-the-efficiency-of-foxeer-donut-5145-propellers/,adjacent_Foxeer_Donut_public_image,Flash 2207 1850KV / visible prop max point,foxeer_donut_5145_public_test_max_point,"Public Tyto screenshot/blog max point; adjacent prop-family anchor, not the exact APdrone YSIDO 2507 bench curve."
apdrone_powertrain_foxeer_image_anchor,DALPROP 5146.5,current_a,35.74,A,docs/data/foxeer_donut_5145_thrust_image_reference.csv,https://blog.unmanned.tech/quiet-skies-powerful-flights-exploring-the-efficiency-of-foxeer-donut-5145-propellers/,adjacent_Foxeer_Donut_public_image,Flash 2207 1850KV / visible prop max point,foxeer_donut_5145_public_test_max_point,"Public Tyto screenshot/blog max point; adjacent prop-family anchor, not the exact APdrone YSIDO 2507 bench curve."
apdrone_powertrain_foxeer_image_anchor,DALPROP 5146.5,electric_power_w,848,W,docs/data/foxeer_donut_5145_thrust_image_reference.csv,https://blog.unmanned.tech/quiet-skies-powerful-flights-exploring-the-efficiency-of-foxeer-donut-5145-propellers/,adjacent_Foxeer_Donut_public_image,Flash 2207 1850KV / visible prop max point,foxeer_donut_5145_public_test_max_point,"Public Tyto screenshot/blog max point; adjacent prop-family anchor, not the exact APdrone YSIDO 2507 bench curve."
apdrone_powertrain_foxeer_image_anchor,DALPROP 5146.5,rpm_14_poles,30129,rpm,docs/data/foxeer_donut_5145_thrust_image_reference.csv,https://blog.unmanned.tech/quiet-skies-powerful-flights-exploring-the-efficiency-of-foxeer-donut-5145-propellers/,adjacent_Foxeer_Donut_public_image,Flash 2207 1850KV / visible prop max point,foxeer_donut_5145_public_test_max_point,"Public Tyto screenshot/blog max point; adjacent prop-family anchor, not the exact APdrone YSIDO 2507 bench curve."
apdrone_powertrain_foxeer_image_anchor,DALPROP 5146.5,derived_thrust_coefficient_n_per_rad_s2,1.37967011566e-06,N/(rad/s)^2,docs/data/foxeer_donut_5145_thrust_image_reference.csv,https://blog.unmanned.tech/quiet-skies-powerful-flights-exploring-the-efficiency-of-foxeer-donut-5145-propellers/,adjacent_Foxeer_Donut_public_image,Flash 2207 1850KV / visible prop max point,foxeer_donut_5145_public_test_max_point,"Public Tyto screenshot/blog max point; adjacent prop-family anchor, not the exact APdrone YSIDO 2507 bench curve."
apdrone_powertrain_foxeer_image_anchor,DALPROP 5146.5,derived_torque_per_thrust_m,0.0136156907368,m,docs/data/foxeer_donut_5145_thrust_image_reference.csv,https://blog.unmanned.tech/quiet-skies-powerful-flights-exploring-the-efficiency-of-foxeer-donut-5145-propellers/,adjacent_Foxeer_Donut_public_image,Flash 2207 1850KV / visible prop max point,foxeer_donut_5145_public_test_max_point,"Public Tyto screenshot/blog max point; adjacent prop-family anchor, not the exact APdrone YSIDO 2507 bench curve."
apdrone_powertrain_foxeer_image_anchor,DALPROP 5146.5,apDrone_max_thrust_ratio,0.982950935541,ratio,docs/data/foxeer_donut_5145_thrust_image_reference.csv,https://blog.unmanned.tech/quiet-skies-powerful-flights-exploring-the-efficiency-of-foxeer-donut-5145-propellers/,adjacent_Foxeer_Donut_public_image,Flash 2207 1850KV / visible prop max point,foxeer_donut_5145_public_test_max_point,"Public Tyto screenshot/blog max point; adjacent prop-family anchor, not the exact APdrone YSIDO 2507 bench curve."
apdrone_powertrain_foxeer_image_anchor,DALPROP 5146.5,apDrone_thrust_coeff_ratio,1.0088626156,ratio,docs/data/foxeer_donut_5145_thrust_image_reference.csv,https://blog.unmanned.tech/quiet-skies-powerful-flights-exploring-the-efficiency-of-foxeer-donut-5145-propellers/,adjacent_Foxeer_Donut_public_image,Flash 2207 1850KV / visible prop max point,foxeer_donut_5145_public_test_max_point,"Public Tyto screenshot/blog max point; adjacent prop-family anchor, not the exact APdrone YSIDO 2507 bench curve."
apdrone_powertrain_foxeer_image_anchor,DALPROP 5146.5,apDrone_max_rpm_ratio,0.987074438846,ratio,docs/data/foxeer_donut_5145_thrust_image_reference.csv,https://blog.unmanned.tech/quiet-skies-powerful-flights-exploring-the-efficiency-of-foxeer-donut-5145-propellers/,adjacent_Foxeer_Donut_public_image,Flash 2207 1850KV / visible prop max point,foxeer_donut_5145_public_test_max_point,"Public Tyto screenshot/blog max point; adjacent prop-family anchor, not the exact APdrone YSIDO 2507 bench curve."
apdrone_powertrain_foxeer_image_anchor,Foxeer Donut 5145,thrust_n,13.5567423799,N,docs/data/foxeer_donut_5145_thrust_image_reference.csv,https://blog.unmanned.tech/quiet-skies-powerful-flights-exploring-the-efficiency-of-foxeer-donut-5145-propellers/,adjacent_Foxeer_Donut_public_image,Flash 2207 1850KV / visible prop max point,foxeer_donut_5145_public_test_max_point,"Public Tyto screenshot/blog max point; adjacent prop-family anchor, not the exact APdrone YSIDO 2507 bench curve."
apdrone_powertrain_foxeer_image_anchor,Foxeer Donut 5145,current_a,34.83,A,docs/data/foxeer_donut_5145_thrust_image_reference.csv,https://blog.unmanned.tech/quiet-skies-powerful-flights-exploring-the-efficiency-of-foxeer-donut-5145-propellers/,adjacent_Foxeer_Donut_public_image,Flash 2207 1850KV / visible prop max point,foxeer_donut_5145_public_test_max_point,"Public Tyto screenshot/blog max point; adjacent prop-family anchor, not the exact APdrone YSIDO 2507 bench curve."
apdrone_powertrain_foxeer_image_anchor,Foxeer Donut 5145,electric_power_w,826,W,docs/data/foxeer_donut_5145_thrust_image_reference.csv,https://blog.unmanned.tech/quiet-skies-powerful-flights-exploring-the-efficiency-of-foxeer-donut-5145-propellers/,adjacent_Foxeer_Donut_public_image,Flash 2207 1850KV / visible prop max point,foxeer_donut_5145_public_test_max_point,"Public Tyto screenshot/blog max point; adjacent prop-family anchor, not the exact APdrone YSIDO 2507 bench curve."
apdrone_powertrain_foxeer_image_anchor,Foxeer Donut 5145,rpm_14_poles,29802,rpm,docs/data/foxeer_donut_5145_thrust_image_reference.csv,https://blog.unmanned.tech/quiet-skies-powerful-flights-exploring-the-efficiency-of-foxeer-donut-5145-propellers/,adjacent_Foxeer_Donut_public_image,Flash 2207 1850KV / visible prop max point,foxeer_donut_5145_public_test_max_point,"Public Tyto screenshot/blog max point; adjacent prop-family anchor, not the exact APdrone YSIDO 2507 bench curve."
apdrone_powertrain_foxeer_image_anchor,Foxeer Donut 5145,derived_thrust_coefficient_n_per_rad_s2,1.39189760155e-06,N/(rad/s)^2,docs/data/foxeer_donut_5145_thrust_image_reference.csv,https://blog.unmanned.tech/quiet-skies-powerful-flights-exploring-the-efficiency-of-foxeer-donut-5145-propellers/,adjacent_Foxeer_Donut_public_image,Flash 2207 1850KV / visible prop max point,foxeer_donut_5145_public_test_max_point,"Public Tyto screenshot/blog max point; adjacent prop-family anchor, not the exact APdrone YSIDO 2507 bench curve."
apdrone_powertrain_foxeer_image_anchor,Foxeer Donut 5145,derived_torque_per_thrust_m,0.0135725821767,m,docs/data/foxeer_donut_5145_thrust_image_reference.csv,https://blog.unmanned.tech/quiet-skies-powerful-flights-exploring-the-efficiency-of-foxeer-donut-5145-propellers/,adjacent_Foxeer_Donut_public_image,Flash 2207 1850KV / visible prop max point,foxeer_donut_5145_public_test_max_point,"Public Tyto screenshot/blog max point; adjacent prop-family anchor, not the exact APdrone YSIDO 2507 bench curve."
apdrone_powertrain_foxeer_image_anchor,Foxeer Donut 5145,apDrone_max_thrust_ratio,0.995814453181,ratio,docs/data/foxeer_donut_5145_thrust_image_reference.csv,https://blog.unmanned.tech/quiet-skies-powerful-flights-exploring-the-efficiency-of-foxeer-donut-5145-propellers/,adjacent_Foxeer_Donut_public_image,Flash 2207 1850KV / visible prop max point,foxeer_donut_5145_public_test_max_point,"Public Tyto screenshot/blog max point; adjacent prop-family anchor, not the exact APdrone YSIDO 2507 bench curve."
apdrone_powertrain_foxeer_image_anchor,Foxeer Donut 5145,apDrone_thrust_coeff_ratio,1,ratio,docs/data/foxeer_donut_5145_thrust_image_reference.csv,https://blog.unmanned.tech/quiet-skies-powerful-flights-exploring-the-efficiency-of-foxeer-donut-5145-propellers/,adjacent_Foxeer_Donut_public_image,Flash 2207 1850KV / visible prop max point,foxeer_donut_5145_public_test_max_point,"Public Tyto screenshot/blog max point; adjacent prop-family anchor, not the exact APdrone YSIDO 2507 bench curve."
apdrone_powertrain_foxeer_image_anchor,Foxeer Donut 5145,apDrone_max_rpm_ratio,0.997905032145,ratio,docs/data/foxeer_donut_5145_thrust_image_reference.csv,https://blog.unmanned.tech/quiet-skies-powerful-flights-exploring-the-efficiency-of-foxeer-donut-5145-propellers/,adjacent_Foxeer_Donut_public_image,Flash 2207 1850KV / visible prop max point,foxeer_donut_5145_public_test_max_point,"Public Tyto screenshot/blog max point; adjacent prop-family anchor, not the exact APdrone YSIDO 2507 bench curve."
apdrone_powertrain_foxeer_image_anchor,DALPROP Nepal N2,thrust_n,13.7713020753,N,docs/data/foxeer_donut_5145_thrust_image_reference.csv,https://blog.unmanned.tech/quiet-skies-powerful-flights-exploring-the-efficiency-of-foxeer-donut-5145-propellers/,adjacent_Foxeer_Donut_public_image,Flash 2207 1850KV / visible prop max point,foxeer_donut_5145_public_test_max_point,"Public Tyto screenshot/blog max point; adjacent prop-family anchor, not the exact APdrone YSIDO 2507 bench curve."
apdrone_powertrain_foxeer_image_anchor,DALPROP Nepal N2,current_a,31.13,A,docs/data/foxeer_donut_5145_thrust_image_reference.csv,https://blog.unmanned.tech/quiet-skies-powerful-flights-exploring-the-efficiency-of-foxeer-donut-5145-propellers/,adjacent_Foxeer_Donut_public_image,Flash 2207 1850KV / visible prop max point,foxeer_donut_5145_public_test_max_point,"Public Tyto screenshot/blog max point; adjacent prop-family anchor, not the exact APdrone YSIDO 2507 bench curve."
apdrone_powertrain_foxeer_image_anchor,DALPROP Nepal N2,electric_power_w,739,W,docs/data/foxeer_donut_5145_thrust_image_reference.csv,https://blog.unmanned.tech/quiet-skies-powerful-flights-exploring-the-efficiency-of-foxeer-donut-5145-propellers/,adjacent_Foxeer_Donut_public_image,Flash 2207 1850KV / visible prop max point,foxeer_donut_5145_public_test_max_point,"Public Tyto screenshot/blog max point; adjacent prop-family anchor, not the exact APdrone YSIDO 2507 bench curve."
apdrone_powertrain_foxeer_image_anchor,DALPROP Nepal N2,rpm_14_poles,30944,rpm,docs/data/foxeer_donut_5145_thrust_image_reference.csv,https://blog.unmanned.tech/quiet-skies-powerful-flights-exploring-the-efficiency-of-foxeer-donut-5145-propellers/,adjacent_Foxeer_Donut_public_image,Flash 2207 1850KV / visible prop max point,foxeer_donut_5145_public_test_max_point,"Public Tyto screenshot/blog max point; adjacent prop-family anchor, not the exact APdrone YSIDO 2507 bench curve."
apdrone_powertrain_foxeer_image_anchor,DALPROP Nepal N2,derived_thrust_coefficient_n_per_rad_s2,1.31148963903e-06,N/(rad/s)^2,docs/data/foxeer_donut_5145_thrust_image_reference.csv,https://blog.unmanned.tech/quiet-skies-powerful-flights-exploring-the-efficiency-of-foxeer-donut-5145-propellers/,adjacent_Foxeer_Donut_public_image,Flash 2207 1850KV / visible prop max point,foxeer_donut_5145_public_test_max_point,"Public Tyto screenshot/blog max point; adjacent prop-family anchor, not the exact APdrone YSIDO 2507 bench curve."
apdrone_powertrain_foxeer_image_anchor,DALPROP Nepal N2,derived_torque_per_thrust_m,0.0121266674049,m,docs/data/foxeer_donut_5145_thrust_image_reference.csv,https://blog.unmanned.tech/quiet-skies-powerful-flights-exploring-the-efficiency-of-foxeer-donut-5145-propellers/,adjacent_Foxeer_Donut_public_image,Flash 2207 1850KV / visible prop max point,foxeer_donut_5145_public_test_max_point,"Public Tyto screenshot/blog max point; adjacent prop-family anchor, not the exact APdrone YSIDO 2507 bench curve."
apdrone_powertrain_foxeer_image_anchor,DALPROP Nepal N2,apDrone_max_thrust_ratio,0.980299460878,ratio,docs/data/foxeer_donut_5145_thrust_image_reference.csv,https://blog.unmanned.tech/quiet-skies-powerful-flights-exploring-the-efficiency-of-foxeer-donut-5145-propellers/,adjacent_Foxeer_Donut_public_image,Flash 2207 1850KV / visible prop max point,foxeer_donut_5145_public_test_max_point,"Public Tyto screenshot/blog max point; adjacent prop-family anchor, not the exact APdrone YSIDO 2507 bench curve."
apdrone_powertrain_foxeer_image_anchor,DALPROP Nepal N2,apDrone_thrust_coeff_ratio,1.06131040622,ratio,docs/data/foxeer_donut_5145_thrust_image_reference.csv,https://blog.unmanned.tech/quiet-skies-powerful-flights-exploring-the-efficiency-of-foxeer-donut-5145-propellers/,adjacent_Foxeer_Donut_public_image,Flash 2207 1850KV / visible prop max point,foxeer_donut_5145_public_test_max_point,"Public Tyto screenshot/blog max point; adjacent prop-family anchor, not the exact APdrone YSIDO 2507 bench curve."
apdrone_powertrain_foxeer_image_anchor,DALPROP Nepal N2,apDrone_max_rpm_ratio,0.961076970269,ratio,docs/data/foxeer_donut_5145_thrust_image_reference.csv,https://blog.unmanned.tech/quiet-skies-powerful-flights-exploring-the-efficiency-of-foxeer-donut-5145-propellers/,adjacent_Foxeer_Donut_public_image,Flash 2207 1850KV / visible prop max point,foxeer_donut_5145_public_test_max_point,"Public Tyto screenshot/blog max point; adjacent prop-family anchor, not the exact APdrone YSIDO 2507 bench curve."
apdrone_powertrain_tyto_static_anchor,x3nm:Five33 2207  Azure Vanover,max_thrust_n,12.547278948,N,docs/data/tyto_fpv_static_powertrain_reference.csv,https://database.tytorobotics.com/tests/x3nm/five33-2207-azure-vanover,adjacent_public_Tyto_static_test,Five33 Headsup 2207 1980kv / Azure Power VanoverProp,tyto_static_powertrain_summary,"Public Tyto test page with full static samples; useful as FPV-class scale, not exact APdrone hardware."
apdrone_powertrain_tyto_static_anchor,x3nm:Five33 2207  Azure Vanover,rpm_at_max_thrust,25001,rpm,docs/data/tyto_fpv_static_powertrain_reference.csv,https://database.tytorobotics.com/tests/x3nm/five33-2207-azure-vanover,adjacent_public_Tyto_static_test,Five33 Headsup 2207 1980kv / Azure Power VanoverProp,tyto_static_powertrain_summary,"Public Tyto test page with full static samples; useful as FPV-class scale, not exact APdrone hardware."
apdrone_powertrain_tyto_static_anchor,x3nm:Five33 2207  Azure Vanover,current_a_at_max_thrust,22.1855634117,A,docs/data/tyto_fpv_static_powertrain_reference.csv,https://database.tytorobotics.com/tests/x3nm/five33-2207-azure-vanover,adjacent_public_Tyto_static_test,Five33 Headsup 2207 1980kv / Azure Power VanoverProp,tyto_static_powertrain_summary,"Public Tyto test page with full static samples; useful as FPV-class scale, not exact APdrone hardware."
apdrone_powertrain_tyto_static_anchor,x3nm:Five33 2207  Azure Vanover,voltage_v_at_max_thrust,24.2138225555,V,docs/data/tyto_fpv_static_powertrain_reference.csv,https://database.tytorobotics.com/tests/x3nm/five33-2207-azure-vanover,adjacent_public_Tyto_static_test,Five33 Headsup 2207 1980kv / Azure Power VanoverProp,tyto_static_powertrain_summary,"Public Tyto test page with full static samples; useful as FPV-class scale, not exact APdrone hardware."
apdrone_powertrain_tyto_static_anchor,x3nm:Five33 2207  Azure Vanover,fit_k_n_per_rad2_s2,1.79965398424e-06,N/(rad/s)^2,docs/data/tyto_fpv_static_powertrain_reference.csv,https://database.tytorobotics.com/tests/x3nm/five33-2207-azure-vanover,adjacent_public_Tyto_static_test,Five33 Headsup 2207 1980kv / Azure Power VanoverProp,tyto_static_powertrain_summary,"Public Tyto test page with full static samples; useful as FPV-class scale, not exact APdrone hardware."
apdrone_powertrain_tyto_static_anchor,x3nm:Five33 2207  Azure Vanover,fit_r2,0.99888701092,ratio,docs/data/tyto_fpv_static_powertrain_reference.csv,https://database.tytorobotics.com/tests/x3nm/five33-2207-azure-vanover,adjacent_public_Tyto_static_test,Five33 Headsup 2207 1980kv / Azure Power VanoverProp,tyto_static_powertrain_summary,"Public Tyto test page with full static samples; useful as FPV-class scale, not exact APdrone hardware."
apdrone_powertrain_tyto_static_anchor,x3nm:Five33 2207  Azure Vanover,apdrone_max_thrust_over_tyto_max_thrust,1.07593049106,ratio,docs/data/tyto_fpv_static_powertrain_reference.csv,https://database.tytorobotics.com/tests/x3nm/five33-2207-azure-vanover,adjacent_public_Tyto_static_test,Five33 Headsup 2207 1980kv / Azure Power VanoverProp,tyto_static_powertrain_summary,"Public Tyto test page with full static samples; useful as FPV-class scale, not exact APdrone hardware."
apdrone_powertrain_tyto_static_anchor,x3nm:Five33 2207  Azure Vanover,apdrone_thrust_coefficient_over_tyto_fit,0.773425121574,ratio,docs/data/tyto_fpv_static_powertrain_reference.csv,https://database.tytorobotics.com/tests/x3nm/five33-2207-azure-vanover,adjacent_public_Tyto_static_test,Five33 Headsup 2207 1980kv / Azure Power VanoverProp,tyto_static_powertrain_summary,"Public Tyto test page with full static samples; useful as FPV-class scale, not exact APdrone hardware."
apdrone_powertrain_tyto_static_anchor,dnq:LF40 2305 with 5040 prop,max_thrust_n,4.59789408119,N,docs/data/tyto_fpv_static_powertrain_reference.csv,https://database.tytorobotics.com/tests/dnq/lf40-2305-with-5040-prop,adjacent_public_Tyto_static_test,T-Motor LF40 2305 / Gemfan 5040 R,tyto_static_powertrain_summary,"Public Tyto test page with full static samples; useful as FPV-class scale, not exact APdrone hardware."
apdrone_powertrain_tyto_static_anchor,dnq:LF40 2305 with 5040 prop,rpm_at_max_thrust,13363,rpm,docs/data/tyto_fpv_static_powertrain_reference.csv,https://database.tytorobotics.com/tests/dnq/lf40-2305-with-5040-prop,adjacent_public_Tyto_static_test,T-Motor LF40 2305 / Gemfan 5040 R,tyto_static_powertrain_summary,"Public Tyto test page with full static samples; useful as FPV-class scale, not exact APdrone hardware."
apdrone_powertrain_tyto_static_anchor,dnq:LF40 2305 with 5040 prop,current_a_at_max_thrust,13.5147712231,A,docs/data/tyto_fpv_static_powertrain_reference.csv,https://database.tytorobotics.com/tests/dnq/lf40-2305-with-5040-prop,adjacent_public_Tyto_static_test,T-Motor LF40 2305 / Gemfan 5040 R,tyto_static_powertrain_summary,"Public Tyto test page with full static samples; useful as FPV-class scale, not exact APdrone hardware."
apdrone_powertrain_tyto_static_anchor,dnq:LF40 2305 with 5040 prop,voltage_v_at_max_thrust,12.4018908024,V,docs/data/tyto_fpv_static_powertrain_reference.csv,https://database.tytorobotics.com/tests/dnq/lf40-2305-with-5040-prop,adjacent_public_Tyto_static_test,T-Motor LF40 2305 / Gemfan 5040 R,tyto_static_powertrain_summary,"Public Tyto test page with full static samples; useful as FPV-class scale, not exact APdrone hardware."
apdrone_powertrain_tyto_static_anchor,dnq:LF40 2305 with 5040 prop,fit_k_n_per_rad2_s2,2.3487835196e-06,N/(rad/s)^2,docs/data/tyto_fpv_static_powertrain_reference.csv,https://database.tytorobotics.com/tests/dnq/lf40-2305-with-5040-prop,adjacent_public_Tyto_static_test,T-Motor LF40 2305 / Gemfan 5040 R,tyto_static_powertrain_summary,"Public Tyto test page with full static samples; useful as FPV-class scale, not exact APdrone hardware."
apdrone_powertrain_tyto_static_anchor,dnq:LF40 2305 with 5040 prop,fit_r2,0.999975060046,ratio,docs/data/tyto_fpv_static_powertrain_reference.csv,https://database.tytorobotics.com/tests/dnq/lf40-2305-with-5040-prop,adjacent_public_Tyto_static_test,T-Motor LF40 2305 / Gemfan 5040 R,tyto_static_powertrain_summary,"Public Tyto test page with full static samples; useful as FPV-class scale, not exact APdrone hardware."
apdrone_powertrain_tyto_static_anchor,dnq:LF40 2305 with 5040 prop,apdrone_max_thrust_over_tyto_max_thrust,2.93612679231,ratio,docs/data/tyto_fpv_static_powertrain_reference.csv,https://database.tytorobotics.com/tests/dnq/lf40-2305-with-5040-prop,adjacent_public_Tyto_static_test,T-Motor LF40 2305 / Gemfan 5040 R,tyto_static_powertrain_summary,"Public Tyto test page with full static samples; useful as FPV-class scale, not exact APdrone hardware."
apdrone_powertrain_tyto_static_anchor,dnq:LF40 2305 with 5040 prop,apdrone_thrust_coefficient_over_tyto_fit,0.592603613717,ratio,docs/data/tyto_fpv_static_powertrain_reference.csv,https://database.tytorobotics.com/tests/dnq/lf40-2305-with-5040-prop,adjacent_public_Tyto_static_test,T-Motor LF40 2305 / Gemfan 5040 R,tyto_static_powertrain_summary,"Public Tyto test page with full static samples; useful as FPV-class scale, not exact APdrone hardware."
apdrone_powertrain_tyto_static_anchor,69k7:Tmotor-F80,max_thrust_n,4.34016164121,N,docs/data/tyto_fpv_static_powertrain_reference.csv,https://database.tytorobotics.com/tests/69k7/tmotor-f80,adjacent_public_Tyto_static_test,,tyto_static_powertrain_summary,"Public Tyto test page with full static samples; useful as FPV-class scale, not exact APdrone hardware."
apdrone_powertrain_tyto_static_anchor,69k7:Tmotor-F80,rpm_at_max_thrust,19144,rpm,docs/data/tyto_fpv_static_powertrain_reference.csv,https://database.tytorobotics.com/tests/69k7/tmotor-f80,adjacent_public_Tyto_static_test,,tyto_static_powertrain_summary,"Public Tyto test page with full static samples; useful as FPV-class scale, not exact APdrone hardware."
apdrone_powertrain_tyto_static_anchor,69k7:Tmotor-F80,current_a_at_max_thrust,9.19585468292,A,docs/data/tyto_fpv_static_powertrain_reference.csv,https://database.tytorobotics.com/tests/69k7/tmotor-f80,adjacent_public_Tyto_static_test,,tyto_static_powertrain_summary,"Public Tyto test page with full static samples; useful as FPV-class scale, not exact APdrone hardware."
apdrone_powertrain_tyto_static_anchor,69k7:Tmotor-F80,voltage_v_at_max_thrust,11.7466357422,V,docs/data/tyto_fpv_static_powertrain_reference.csv,https://database.tytorobotics.com/tests/69k7/tmotor-f80,adjacent_public_Tyto_static_test,,tyto_static_powertrain_summary,"Public Tyto test page with full static samples; useful as FPV-class scale, not exact APdrone hardware."
apdrone_powertrain_tyto_static_anchor,69k7:Tmotor-F80,fit_k_n_per_rad2_s2,1.0759174782e-06,N/(rad/s)^2,docs/data/tyto_fpv_static_powertrain_reference.csv,https://database.tytorobotics.com/tests/69k7/tmotor-f80,adjacent_public_Tyto_static_test,,tyto_static_powertrain_summary,"Public Tyto test page with full static samples; useful as FPV-class scale, not exact APdrone hardware."
apdrone_powertrain_tyto_static_anchor,69k7:Tmotor-F80,fit_r2,0.999208454064,ratio,docs/data/tyto_fpv_static_powertrain_reference.csv,https://database.tytorobotics.com/tests/69k7/tmotor-f80,adjacent_public_Tyto_static_test,,tyto_static_powertrain_summary,"Public Tyto test page with full static samples; useful as FPV-class scale, not exact APdrone hardware."
apdrone_powertrain_tyto_static_anchor,69k7:Tmotor-F80,apdrone_max_thrust_over_tyto_max_thrust,3.11048322989,ratio,docs/data/tyto_fpv_static_powertrain_reference.csv,https://database.tytorobotics.com/tests/69k7/tmotor-f80,adjacent_public_Tyto_static_test,,tyto_static_powertrain_summary,"Public Tyto test page with full static samples; useful as FPV-class scale, not exact APdrone hardware."
apdrone_powertrain_tyto_static_anchor,69k7:Tmotor-F80,apdrone_thrust_coefficient_over_tyto_fit,1.29368434825,ratio,docs/data/tyto_fpv_static_powertrain_reference.csv,https://database.tytorobotics.com/tests/69k7/tmotor-f80,adjacent_public_Tyto_static_test,,tyto_static_powertrain_summary,"Public Tyto test page with full static samples; useful as FPV-class scale, not exact APdrone hardware."
apdrone_powertrain_tyto_static_anchor,q3xn:1700kvlumenierfolding,max_thrust_n,8.47930731262,N,docs/data/tyto_fpv_static_powertrain_reference.csv,https://database.tytorobotics.com/tests/q3xn/1700kvlumenierfolding,adjacent_public_Tyto_static_test,,tyto_static_powertrain_summary,"Public Tyto test page with full static samples; useful as FPV-class scale, not exact APdrone hardware."
apdrone_powertrain_tyto_static_anchor,q3xn:1700kvlumenierfolding,rpm_at_max_thrust,16382,rpm,docs/data/tyto_fpv_static_powertrain_reference.csv,https://database.tytorobotics.com/tests/q3xn/1700kvlumenierfolding,adjacent_public_Tyto_static_test,,tyto_static_powertrain_summary,"Public Tyto test page with full static samples; useful as FPV-class scale, not exact APdrone hardware."
apdrone_powertrain_tyto_static_anchor,q3xn:1700kvlumenierfolding,current_a_at_max_thrust,17.2707871899,A,docs/data/tyto_fpv_static_powertrain_reference.csv,https://database.tytorobotics.com/tests/q3xn/1700kvlumenierfolding,adjacent_public_Tyto_static_test,,tyto_static_powertrain_summary,"Public Tyto test page with full static samples; useful as FPV-class scale, not exact APdrone hardware."
apdrone_powertrain_tyto_static_anchor,q3xn:1700kvlumenierfolding,voltage_v_at_max_thrust,12.4678062092,V,docs/data/tyto_fpv_static_powertrain_reference.csv,https://database.tytorobotics.com/tests/q3xn/1700kvlumenierfolding,adjacent_public_Tyto_static_test,,tyto_static_powertrain_summary,"Public Tyto test page with full static samples; useful as FPV-class scale, not exact APdrone hardware."
apdrone_powertrain_tyto_static_anchor,q3xn:1700kvlumenierfolding,fit_k_n_per_rad2_s2,2.74448059939e-06,N/(rad/s)^2,docs/data/tyto_fpv_static_powertrain_reference.csv,https://database.tytorobotics.com/tests/q3xn/1700kvlumenierfolding,adjacent_public_Tyto_static_test,,tyto_static_powertrain_summary,"Public Tyto test page with full static samples; useful as FPV-class scale, not exact APdrone hardware."
apdrone_powertrain_tyto_static_anchor,q3xn:1700kvlumenierfolding,fit_r2,0.990171122303,ratio,docs/data/tyto_fpv_static_powertrain_reference.csv,https://database.tytorobotics.com/tests/q3xn/1700kvlumenierfolding,adjacent_public_Tyto_static_test,,tyto_static_powertrain_summary,"Public Tyto test page with full static samples; useful as FPV-class scale, not exact APdrone hardware."
apdrone_powertrain_tyto_static_anchor,q3xn:1700kvlumenierfolding,apdrone_max_thrust_over_tyto_max_thrust,1.59211118341,ratio,docs/data/tyto_fpv_static_powertrain_reference.csv,https://database.tytorobotics.com/tests/q3xn/1700kvlumenierfolding,adjacent_public_Tyto_static_test,,tyto_static_powertrain_summary,"Public Tyto test page with full static samples; useful as FPV-class scale, not exact APdrone hardware."
apdrone_powertrain_tyto_static_anchor,q3xn:1700kvlumenierfolding,apdrone_thrust_coefficient_over_tyto_fit,0.507162485266,ratio,docs/data/tyto_fpv_static_powertrain_reference.csv,https://database.tytorobotics.com/tests/q3xn/1700kvlumenierfolding,adjacent_public_Tyto_static_test,,tyto_static_powertrain_summary,"Public Tyto test page with full static samples; useful as FPV-class scale, not exact APdrone hardware."
apdrone_powertrain_tyto_yaw_anchor,x3nm:Five33 2207  Azure Vanover,fit_q_over_t_m,0.0113854299885,m,docs/data/tyto_fpv_static_torque_ratio_reference.csv,https://database.tytorobotics.com/tests/x3nm/five33-2207-azure-vanover,adjacent_public_Tyto_torque_test,Five33 Headsup 2207 1980kv / Azure Power VanoverProp,tyto_torque_ratio_summary,Measured static torque/thrust ratio anchor for yaw torque scale.
apdrone_powertrain_tyto_yaw_anchor,x3nm:Five33 2207  Azure Vanover,fit_r2,0.999918032886,ratio,docs/data/tyto_fpv_static_torque_ratio_reference.csv,https://database.tytorobotics.com/tests/x3nm/five33-2207-azure-vanover,adjacent_public_Tyto_torque_test,Five33 Headsup 2207 1980kv / Azure Power VanoverProp,tyto_torque_ratio_summary,Measured static torque/thrust ratio anchor for yaw torque scale.
apdrone_powertrain_tyto_yaw_anchor,x3nm:Five33 2207  Azure Vanover,q_over_t_at_max_thrust_m,0.011385548298,m,docs/data/tyto_fpv_static_torque_ratio_reference.csv,https://database.tytorobotics.com/tests/x3nm/five33-2207-azure-vanover,adjacent_public_Tyto_torque_test,Five33 Headsup 2207 1980kv / Azure Power VanoverProp,tyto_torque_ratio_summary,Measured static torque/thrust ratio anchor for yaw torque scale.
apdrone_powertrain_tyto_yaw_anchor,x3nm:Five33 2207  Azure Vanover,apDrone_configured_over_fit_q_over_t,1.19210097382,ratio,docs/data/tyto_fpv_static_torque_ratio_reference.csv,https://database.tytorobotics.com/tests/x3nm/five33-2207-azure-vanover,adjacent_public_Tyto_torque_test,Five33 Headsup 2207 1980kv / Azure Power VanoverProp,tyto_torque_ratio_summary,Measured static torque/thrust ratio anchor for yaw torque scale.
apdrone_powertrain_tyto_yaw_anchor,x3nm:Five33 2207  Azure Vanover,apDrone_fit_q_over_t_over_configured,0.838855115432,ratio,docs/data/tyto_fpv_static_torque_ratio_reference.csv,https://database.tytorobotics.com/tests/x3nm/five33-2207-azure-vanover,adjacent_public_Tyto_torque_test,Five33 Headsup 2207 1980kv / Azure Power VanoverProp,tyto_torque_ratio_summary,Measured static torque/thrust ratio anchor for yaw torque scale.
apdrone_powertrain_tyto_yaw_anchor,x3nm:Five33 2207  Azure Vanover,apDrone_max_thrust_q_over_t_over_configured,0.838863832233,ratio,docs/data/tyto_fpv_static_torque_ratio_reference.csv,https://database.tytorobotics.com/tests/x3nm/five33-2207-azure-vanover,adjacent_public_Tyto_torque_test,Five33 Headsup 2207 1980kv / Azure Power VanoverProp,tyto_torque_ratio_summary,Measured static torque/thrust ratio anchor for yaw torque scale.
apdrone_powertrain_tyto_yaw_anchor,dnq:LF40 2305 with 5040 prop,fit_q_over_t_m,0.0145865210163,m,docs/data/tyto_fpv_static_torque_ratio_reference.csv,https://database.tytorobotics.com/tests/dnq/lf40-2305-with-5040-prop,adjacent_public_Tyto_torque_test,T-Motor LF40 2305 / Gemfan 5040 R,tyto_torque_ratio_summary,Measured static torque/thrust ratio anchor for yaw torque scale.
apdrone_powertrain_tyto_yaw_anchor,dnq:LF40 2305 with 5040 prop,fit_r2,0.999649195751,ratio,docs/data/tyto_fpv_static_torque_ratio_reference.csv,https://database.tytorobotics.com/tests/dnq/lf40-2305-with-5040-prop,adjacent_public_Tyto_torque_test,T-Motor LF40 2305 / Gemfan 5040 R,tyto_torque_ratio_summary,Measured static torque/thrust ratio anchor for yaw torque scale.
apdrone_powertrain_tyto_yaw_anchor,dnq:LF40 2305 with 5040 prop,q_over_t_at_max_thrust_m,0.014512651126,m,docs/data/tyto_fpv_static_torque_ratio_reference.csv,https://database.tytorobotics.com/tests/dnq/lf40-2305-with-5040-prop,adjacent_public_Tyto_torque_test,T-Motor LF40 2305 / Gemfan 5040 R,tyto_torque_ratio_summary,Measured static torque/thrust ratio anchor for yaw torque scale.
apdrone_powertrain_tyto_yaw_anchor,dnq:LF40 2305 with 5040 prop,apDrone_configured_over_fit_q_over_t,0.930487959499,ratio,docs/data/tyto_fpv_static_torque_ratio_reference.csv,https://database.tytorobotics.com/tests/dnq/lf40-2305-with-5040-prop,adjacent_public_Tyto_torque_test,T-Motor LF40 2305 / Gemfan 5040 R,tyto_torque_ratio_summary,Measured static torque/thrust ratio anchor for yaw torque scale.
apdrone_powertrain_tyto_yaw_anchor,dnq:LF40 2305 with 5040 prop,apDrone_fit_q_over_t_over_configured,1.07470493282,ratio,docs/data/tyto_fpv_static_torque_ratio_reference.csv,https://database.tytorobotics.com/tests/dnq/lf40-2305-with-5040-prop,adjacent_public_Tyto_torque_test,T-Motor LF40 2305 / Gemfan 5040 R,tyto_torque_ratio_summary,Measured static torque/thrust ratio anchor for yaw torque scale.
apdrone_powertrain_tyto_yaw_anchor,dnq:LF40 2305 with 5040 prop,apDrone_max_thrust_q_over_t_over_configured,1.0692623509,ratio,docs/data/tyto_fpv_static_torque_ratio_reference.csv,https://database.tytorobotics.com/tests/dnq/lf40-2305-with-5040-prop,adjacent_public_Tyto_torque_test,T-Motor LF40 2305 / Gemfan 5040 R,tyto_torque_ratio_summary,Measured static torque/thrust ratio anchor for yaw torque scale.
apdrone_powertrain_tyto_yaw_anchor,69k7:Tmotor-F80,fit_q_over_t_m,0.0101948466321,m,docs/data/tyto_fpv_static_torque_ratio_reference.csv,https://database.tytorobotics.com/tests/69k7/tmotor-f80,adjacent_public_Tyto_torque_test,,tyto_torque_ratio_summary,Measured static torque/thrust ratio anchor for yaw torque scale.
apdrone_powertrain_tyto_yaw_anchor,69k7:Tmotor-F80,fit_r2,0.999257083048,ratio,docs/data/tyto_fpv_static_torque_ratio_reference.csv,https://database.tytorobotics.com/tests/69k7/tmotor-f80,adjacent_public_Tyto_torque_test,,tyto_torque_ratio_summary,Measured static torque/thrust ratio anchor for yaw torque scale.
apdrone_powertrain_tyto_yaw_anchor,69k7:Tmotor-F80,q_over_t_at_max_thrust_m,0.0100726853245,m,docs/data/tyto_fpv_static_torque_ratio_reference.csv,https://database.tytorobotics.com/tests/69k7/tmotor-f80,adjacent_public_Tyto_torque_test,,tyto_torque_ratio_summary,Measured static torque/thrust ratio anchor for yaw torque scale.
apdrone_powertrain_tyto_yaw_anchor,69k7:Tmotor-F80,apDrone_configured_over_fit_q_over_t,1.33131793607,ratio,docs/data/tyto_fpv_static_torque_ratio_reference.csv,https://database.tytorobotics.com/tests/69k7/tmotor-f80,adjacent_public_Tyto_torque_test,,tyto_torque_ratio_summary,Measured static torque/thrust ratio anchor for yaw torque scale.
apdrone_powertrain_tyto_yaw_anchor,69k7:Tmotor-F80,apDrone_fit_q_over_t_over_configured,0.75113537714,ratio,docs/data/tyto_fpv_static_torque_ratio_reference.csv,https://database.tytorobotics.com/tests/69k7/tmotor-f80,adjacent_public_Tyto_torque_test,,tyto_torque_ratio_summary,Measured static torque/thrust ratio anchor for yaw torque scale.
apdrone_powertrain_tyto_yaw_anchor,69k7:Tmotor-F80,apDrone_max_thrust_q_over_t_over_configured,0.742134782712,ratio,docs/data/tyto_fpv_static_torque_ratio_reference.csv,https://database.tytorobotics.com/tests/69k7/tmotor-f80,adjacent_public_Tyto_torque_test,,tyto_torque_ratio_summary,Measured static torque/thrust ratio anchor for yaw torque scale.
apdrone_powertrain_tyto_yaw_anchor,q3xn:1700kvlumenierfolding,fit_q_over_t_m,0.00943395601163,m,docs/data/tyto_fpv_static_torque_ratio_reference.csv,https://database.tytorobotics.com/tests/q3xn/1700kvlumenierfolding,adjacent_public_Tyto_torque_test,,tyto_torque_ratio_summary,Measured static torque/thrust ratio anchor for yaw torque scale.
apdrone_powertrain_tyto_yaw_anchor,q3xn:1700kvlumenierfolding,fit_r2,0.998933669471,ratio,docs/data/tyto_fpv_static_torque_ratio_reference.csv,https://database.tytorobotics.com/tests/q3xn/1700kvlumenierfolding,adjacent_public_Tyto_torque_test,,tyto_torque_ratio_summary,Measured static torque/thrust ratio anchor for yaw torque scale.
apdrone_powertrain_tyto_yaw_anchor,q3xn:1700kvlumenierfolding,q_over_t_at_max_thrust_m,0.00935438856696,m,docs/data/tyto_fpv_static_torque_ratio_reference.csv,https://database.tytorobotics.com/tests/q3xn/1700kvlumenierfolding,adjacent_public_Tyto_torque_test,,tyto_torque_ratio_summary,Measured static torque/thrust ratio anchor for yaw torque scale.
apdrone_powertrain_tyto_yaw_anchor,q3xn:1700kvlumenierfolding,apDrone_configured_over_fit_q_over_t,1.43869466425,ratio,docs/data/tyto_fpv_static_torque_ratio_reference.csv,https://database.tytorobotics.com/tests/q3xn/1700kvlumenierfolding,adjacent_public_Tyto_torque_test,,tyto_torque_ratio_summary,Measured static torque/thrust ratio anchor for yaw torque scale.
apdrone_powertrain_tyto_yaw_anchor,q3xn:1700kvlumenierfolding,apDrone_fit_q_over_t_over_configured,0.695074517791,ratio,docs/data/tyto_fpv_static_torque_ratio_reference.csv,https://database.tytorobotics.com/tests/q3xn/1700kvlumenierfolding,adjacent_public_Tyto_torque_test,,tyto_torque_ratio_summary,Measured static torque/thrust ratio anchor for yaw torque scale.
apdrone_powertrain_tyto_yaw_anchor,q3xn:1700kvlumenierfolding,apDrone_max_thrust_q_over_t_over_configured,0.689212151762,ratio,docs/data/tyto_fpv_static_torque_ratio_reference.csv,https://database.tytorobotics.com/tests/q3xn/1700kvlumenierfolding,adjacent_public_Tyto_torque_test,,tyto_torque_ratio_summary,Measured static torque/thrust ratio anchor for yaw torque scale.
apdrone_powertrain_mqtb_current_anchor,MQTB_HQ_v1s_5x4x3_current_power_law_fit,current_fit_a,1.42979263769,A/N^b,docs/data/mqtb_hq5x4x3_current_model_reference.csv,https://www.miniquadtestbench.com/assets/components/motordata/motorinfo.php?uid=259,adjacent_MQTB_FPV_current_fit,HQ v1s 5x4x3 representative FPV prop curve,reference_mqtb_hq5x4x3_current_fit_summary,FPV current-vs-thrust shape anchor; not APdrone-specific.
apdrone_powertrain_mqtb_current_anchor,MQTB_HQ_v1s_5x4x3_current_power_law_fit,current_fit_b,1.15789105737,exponent,docs/data/mqtb_hq5x4x3_current_model_reference.csv,https://www.miniquadtestbench.com/assets/components/motordata/motorinfo.php?uid=259,adjacent_MQTB_FPV_current_fit,HQ v1s 5x4x3 representative FPV prop curve,reference_mqtb_hq5x4x3_current_fit_summary,FPV current-vs-thrust shape anchor; not APdrone-specific.
apdrone_powertrain_mqtb_current_anchor,MQTB_HQ_v1s_5x4x3_current_power_law_fit,current_fit_log_r2,0.994624454807,ratio,docs/data/mqtb_hq5x4x3_current_model_reference.csv,https://www.miniquadtestbench.com/assets/components/motordata/motorinfo.php?uid=259,adjacent_MQTB_FPV_current_fit,HQ v1s 5x4x3 representative FPV prop curve,reference_mqtb_hq5x4x3_current_fit_summary,FPV current-vs-thrust shape anchor; not APdrone-specific.
apdrone_powertrain_mqtb_current_anchor,MQTB_HQ_v1s_5x4x3_current_power_law_fit,current_residual_rms_pct,10.7871795884,percent,docs/data/mqtb_hq5x4x3_current_model_reference.csv,https://www.miniquadtestbench.com/assets/components/motordata/motorinfo.php?uid=259,adjacent_MQTB_FPV_current_fit,HQ v1s 5x4x3 representative FPV prop curve,reference_mqtb_hq5x4x3_current_fit_summary,FPV current-vs-thrust shape anchor; not APdrone-specific.
apdrone_powertrain_mqtb_current_anchor,racingQuad_hover_vs_MQTB_HQ_v1s_5x4x3,target_thrust_per_motor_n,2.69682875,N,docs/data/mqtb_hq5x4x3_current_model_reference.csv,drone-sim-core/src/main/java/com/tenicana/dronecraft/sim/DroneConfig.java,adjacent_MQTB_FPV_current_fit,racingQuad hover,current_vs_mqtb_hq5x4x3_current_model,Current project preset compared through the MQTB representative current-power fit.
apdrone_powertrain_mqtb_current_anchor,racingQuad_hover_vs_MQTB_HQ_v1s_5x4x3,mqtb_fit_total_motor_current_a,18.0390769543,A,docs/data/mqtb_hq5x4x3_current_model_reference.csv,drone-sim-core/src/main/java/com/tenicana/dronecraft/sim/DroneConfig.java,adjacent_MQTB_FPV_current_fit,racingQuad hover,current_vs_mqtb_hq5x4x3_current_model,Current project preset compared through the MQTB representative current-power fit.
apdrone_powertrain_mqtb_current_anchor,racingQuad_hover_vs_MQTB_HQ_v1s_5x4x3,mqtb_fit_total_current_over_pack_limit,0.200434188382,ratio,docs/data/mqtb_hq5x4x3_current_model_reference.csv,drone-sim-core/src/main/java/com/tenicana/dronecraft/sim/DroneConfig.java,adjacent_MQTB_FPV_current_fit,racingQuad hover,current_vs_mqtb_hq5x4x3_current_model,Current project preset compared through the MQTB representative current-power fit.
apdrone_powertrain_mqtb_current_anchor,racingQuad_hover_vs_MQTB_HQ_v1s_5x4x3,current_pack_sag_v_at_mqtb_fit_current,0.324703385178,V,docs/data/mqtb_hq5x4x3_current_model_reference.csv,drone-sim-core/src/main/java/com/tenicana/dronecraft/sim/DroneConfig.java,adjacent_MQTB_FPV_current_fit,racingQuad hover,current_vs_mqtb_hq5x4x3_current_model,Current project preset compared through the MQTB representative current-power fit.
apdrone_powertrain_mqtb_current_anchor,racingQuad_configured_pack_current_limit_vs_MQTB_HQ_v1s_5x4x3,target_thrust_per_motor_n,10.8068175619,N,docs/data/mqtb_hq5x4x3_current_model_reference.csv,drone-sim-core/src/main/java/com/tenicana/dronecraft/sim/DroneConfig.java,adjacent_MQTB_FPV_current_fit,racingQuad configured_pack_current_limit,current_vs_mqtb_hq5x4x3_current_model,Current project preset compared through the MQTB representative current-power fit.
apdrone_powertrain_mqtb_current_anchor,racingQuad_configured_pack_current_limit_vs_MQTB_HQ_v1s_5x4x3,mqtb_fit_total_motor_current_a,90,A,docs/data/mqtb_hq5x4x3_current_model_reference.csv,drone-sim-core/src/main/java/com/tenicana/dronecraft/sim/DroneConfig.java,adjacent_MQTB_FPV_current_fit,racingQuad configured_pack_current_limit,current_vs_mqtb_hq5x4x3_current_model,Current project preset compared through the MQTB representative current-power fit.
apdrone_powertrain_mqtb_current_anchor,racingQuad_configured_pack_current_limit_vs_MQTB_HQ_v1s_5x4x3,mqtb_fit_total_current_over_pack_limit,1,ratio,docs/data/mqtb_hq5x4x3_current_model_reference.csv,drone-sim-core/src/main/java/com/tenicana/dronecraft/sim/DroneConfig.java,adjacent_MQTB_FPV_current_fit,racingQuad configured_pack_current_limit,current_vs_mqtb_hq5x4x3_current_model,Current project preset compared through the MQTB representative current-power fit.
apdrone_powertrain_mqtb_current_anchor,racingQuad_configured_pack_current_limit_vs_MQTB_HQ_v1s_5x4x3,current_pack_sag_v_at_mqtb_fit_current,1.62,V,docs/data/mqtb_hq5x4x3_current_model_reference.csv,drone-sim-core/src/main/java/com/tenicana/dronecraft/sim/DroneConfig.java,adjacent_MQTB_FPV_current_fit,racingQuad configured_pack_current_limit,current_vs_mqtb_hq5x4x3_current_model,Current project preset compared through the MQTB representative current-power fit.
apdrone_powertrain_mqtb_current_anchor,racingQuad_configured_max_thrust_vs_MQTB_HQ_v1s_5x4x3,target_thrust_per_motor_n,13.5,N,docs/data/mqtb_hq5x4x3_current_model_reference.csv,drone-sim-core/src/main/java/com/tenicana/dronecraft/sim/DroneConfig.java,adjacent_MQTB_FPV_current_fit,racingQuad configured_max_thrust,current_vs_mqtb_hq5x4x3_current_model,Current project preset compared through the MQTB representative current-power fit.
apdrone_powertrain_mqtb_current_anchor,racingQuad_configured_max_thrust_vs_MQTB_HQ_v1s_5x4x3,mqtb_fit_total_motor_current_a,116.449173419,A,docs/data/mqtb_hq5x4x3_current_model_reference.csv,drone-sim-core/src/main/java/com/tenicana/dronecraft/sim/DroneConfig.java,adjacent_MQTB_FPV_current_fit,racingQuad configured_max_thrust,current_vs_mqtb_hq5x4x3_current_model,Current project preset compared through the MQTB representative current-power fit.
apdrone_powertrain_mqtb_current_anchor,racingQuad_configured_max_thrust_vs_MQTB_HQ_v1s_5x4x3,mqtb_fit_total_current_over_pack_limit,1.29387970466,ratio,docs/data/mqtb_hq5x4x3_current_model_reference.csv,drone-sim-core/src/main/java/com/tenicana/dronecraft/sim/DroneConfig.java,adjacent_MQTB_FPV_current_fit,racingQuad configured_max_thrust,current_vs_mqtb_hq5x4x3_current_model,Current project preset compared through the MQTB representative current-power fit.
apdrone_powertrain_mqtb_current_anchor,racingQuad_configured_max_thrust_vs_MQTB_HQ_v1s_5x4x3,current_pack_sag_v_at_mqtb_fit_current,2.09608512154,V,docs/data/mqtb_hq5x4x3_current_model_reference.csv,drone-sim-core/src/main/java/com/tenicana/dronecraft/sim/DroneConfig.java,adjacent_MQTB_FPV_current_fit,racingQuad configured_max_thrust,current_vs_mqtb_hq5x4x3_current_model,Current project preset compared through the MQTB representative current-power fit.
apdrone_powertrain_bound_summary,pdf_visible_prop_max,project_max_over_pdf_visible_table_min,0.953335794682,ratio,docs/data/apdrone_motor_thrust_pdf_reference.csv,,direct_APdrone_motor_pdf_visible_table,YSIDO PDF visible prop maxima,,Current max rotor thrust is within this range against the four visible PDF prop maxima.
apdrone_powertrain_bound_summary,pdf_visible_prop_max,project_max_over_pdf_visible_table_max,1.12193715364,ratio,docs/data/apdrone_motor_thrust_pdf_reference.csv,,direct_APdrone_motor_pdf_visible_table,YSIDO PDF visible prop maxima,,Current max rotor thrust is within this range against the four visible PDF prop maxima.
apdrone_powertrain_bound_summary,pdf_4s_loaded_k_estimate,project_k_over_pdf_4s_loaded_k_min,0.760936548196,ratio,docs/data/apdrone_motor_thrust_pdf_reference.csv,,direct_APdrone_motor_pdf_back_emf_estimate,YSIDO PDF 4S rows with PDF/BetaFlight KV assumptions,,Loaded-RPM estimate uses motor resistance and assumed KV; this brackets the current k against 4S visible rows.
apdrone_powertrain_bound_summary,pdf_4s_loaded_k_estimate,project_k_over_pdf_4s_loaded_k_max,1.07492178151,ratio,docs/data/apdrone_motor_thrust_pdf_reference.csv,,direct_APdrone_motor_pdf_back_emf_estimate,YSIDO PDF 4S rows with PDF/BetaFlight KV assumptions,,Loaded-RPM estimate uses motor resistance and assumed KV; this brackets the current k against 4S visible rows.
apdrone_powertrain_bound_summary,foxeer_donut_image_max_point,apDrone_thrust_coeff_ratio,1,ratio,docs/data/foxeer_donut_5145_thrust_image_reference.csv,https://blog.unmanned.tech/quiet-skies-powerful-flights-exploring-the-efficiency-of-foxeer-donut-5145-propellers/,adjacent_Foxeer_Donut_public_image,Flash 2207 1850KV / Foxeer Donut 5145 screenshot max point,,"This is the closest public prop-specific anchor, but the motor and voltage differ from APdrone."
apdrone_powertrain_bound_summary,foxeer_donut_image_max_point,apDrone_max_rpm_ratio,0.997905032145,ratio,docs/data/foxeer_donut_5145_thrust_image_reference.csv,https://blog.unmanned.tech/quiet-skies-powerful-flights-exploring-the-efficiency-of-foxeer-donut-5145-propellers/,adjacent_Foxeer_Donut_public_image,Flash 2207 1850KV / Foxeer Donut 5145 screenshot max point,,"This is the closest public prop-specific anchor, but the motor and voltage differ from APdrone."
apdrone_powertrain_bound_summary,foxeer_donut_image_max_point,apDrone_max_thrust_ratio,0.995814453181,ratio,docs/data/foxeer_donut_5145_thrust_image_reference.csv,https://blog.unmanned.tech/quiet-skies-powerful-flights-exploring-the-efficiency-of-foxeer-donut-5145-propellers/,adjacent_Foxeer_Donut_public_image,Flash 2207 1850KV / Foxeer Donut 5145 screenshot max point,,"This is the closest public prop-specific anchor, but the motor and voltage differ from APdrone."
apdrone_powertrain_bound_summary,tyto_public_static_k_range,apdrone_k_over_tyto_fit_min,0.507162485266,ratio,docs/data/tyto_fpv_static_powertrain_reference.csv,,adjacent_public_Tyto_static_test,selected FPV-class static tests,,"Wide range is expected because these are adjacent powertrains, not APdrone hardware."
apdrone_powertrain_bound_summary,tyto_public_static_k_range,apdrone_k_over_tyto_fit_max,1.29368434825,ratio,docs/data/tyto_fpv_static_powertrain_reference.csv,,adjacent_public_Tyto_static_test,selected FPV-class static tests,,"Wide range is expected because these are adjacent powertrains, not APdrone hardware."
apdrone_powertrain_bound_summary,tyto_public_yaw_q_over_t_range,apdrone_q_over_t_over_tyto_fit_min,0.930487959499,ratio,docs/data/tyto_fpv_static_torque_ratio_reference.csv,,adjacent_public_Tyto_torque_test,selected FPV-class static tests,,Current APdrone yaw torque per thrust sits near the high side of the selected Tyto range.
apdrone_powertrain_bound_summary,tyto_public_yaw_q_over_t_range,apdrone_q_over_t_over_tyto_fit_max,1.43869466425,ratio,docs/data/tyto_fpv_static_torque_ratio_reference.csv,,adjacent_public_Tyto_torque_test,selected FPV-class static tests,,Current APdrone yaw torque per thrust sits near the high side of the selected Tyto range.
apdrone_powertrain_packet_method,method,scope_and_caveat,,,docs/data/apdrone_powertrain_calibration_packet.csv,,handoff_metadata,APdrone powertrain calibration packet,,"Exact YSIDO 2507 1800KV plus Foxeer Donut 5145 thrust/RPM/current curve was not found in the public sources already indexed here. Use direct APdrone PDF rows for max-thrust/current plausibility, Foxeer Donut image rows for prop-family k and Q/T sanity, and Tyto/MQTB rows as adjacent FPV-class envelopes."
