row_type,name,metric,value,unit,source_file,source_url,evidence_role,note,effect,distance_over_radius,sample_count,fz_ratio_min,fz_ratio_p90,fz_ratio_max,fit_y_extra,fit_family,fit_a,fit_k,fit_rmse,fit_mae,fit_r2,fit_sample_count,predicted_extra_lift,current_value,source_fit_value,current_extra_lift,source_fit_extra_lift,current_extra_over_fit_extra,ratio,facility,signed_p50,abs_min,abs_p90,abs_max,uncertainty_p50,signal_over_uncertainty_p50,current_per_affected_rotor_value,current_per_affected_rotor_over_fit,current_two_affected_force_over_weight,current_two_affected_vehicle_thrust_multiplier,source_fit_r2
surface_jirs2024_curve_fit_source,jirs2024_surface_curve_fit,input_measurement_rows,225,rows,docs/data/surface_jirs2024_effect_packet.csv,https://doi.org/10.5281/zenodo.11384638,source_inventory,Derived from parsed JIRS supplementary measurement rows.,,,,,,,,,,,,,,,,,,,,,,,,,,,,,,,,,
surface_jirs2024_curve_fit_method,fit_method,ground_ceiling_model,"multiplier = 1 + A * exp(-k * h_over_R), using median same-PWM far-normalized Fz ratios by h/R and clipped nonnegative extra lift",text,docs/data/surface_jirs2024_curve_fit_packet.csv,https://link.springer.com/article/10.1007/s10846-024-02155-7,method,This keeps far-field behavior at 1.0 and avoids overfitting the slight below-baseline bins.,,,,,,,,,,,,,,,,,,,,,,,,,,,,,,,,,
surface_jirs2024_curve_fit_method,fit_method,wall_model,"abs(force_or_moment) = A * exp(-k * d_over_R), fit separately for terraXcube, DU2SRI, and pooled rows",text,docs/data/surface_jirs2024_curve_fit_packet.csv,https://link.springer.com/article/10.1007/s10846-024-02155-7,method,"Wall fits are distance-scale evidence for attraction/moment, not clean whole-vehicle thrust-loss fits.",,,,,,,,,,,,,,,,,,,,,,,,,,,,,,,,,
surface_jirs2024_curve_fit_bin,ground_h_over_r_0.328084,fz_ratio_p50,1.30095177451,ratio,docs/data/surface_jirs2024_effect_packet.csv,https://doi.org/10.5281/zenodo.11384638,ground_ceiling_bin,Median same-PWM Fz ratio versus 100 cm far baseline at this normalized clearance.,ground,0.328084,4,1.24070599459,1.31229318546,1.31490929705,0.30095177451,,,,,,,,,,,,,,,,,,,,,,,,,,
surface_jirs2024_curve_fit_bin,ground_h_over_r_0.393701,fz_ratio_p50,1.27629875872,ratio,docs/data/surface_jirs2024_effect_packet.csv,https://doi.org/10.5281/zenodo.11384638,ground_ceiling_bin,Median same-PWM Fz ratio versus 100 cm far baseline at this normalized clearance.,ground,0.393701,4,1.15005534985,1.30027002914,1.30608113369,0.27629875872,,,,,,,,,,,,,,,,,,,,,,,,,,
surface_jirs2024_curve_fit_bin,ground_h_over_r_0.984252,fz_ratio_p50,1.12518749739,ratio,docs/data/surface_jirs2024_effect_packet.csv,https://doi.org/10.5281/zenodo.11384638,ground_ceiling_bin,Median same-PWM Fz ratio versus 100 cm far baseline at this normalized clearance.,ground,0.984252,4,1.090857052,1.14217544577,1.14324104235,0.12518749739,,,,,,,,,,,,,,,,,,,,,,,,,,
surface_jirs2024_curve_fit_bin,ground_h_over_r_1.1811,fz_ratio_p50,1.03400085439,ratio,docs/data/surface_jirs2024_effect_packet.csv,https://doi.org/10.5281/zenodo.11384638,ground_ceiling_bin,Median same-PWM Fz ratio versus 100 cm far baseline at this normalized clearance.,ground,1.181102,4,0.862999580105,1.05920996572,1.06649536713,0.034000854395,,,,,,,,,,,,,,,,,,,,,,,,,,
surface_jirs2024_curve_fit_bin,ground_h_over_r_1.64042,fz_ratio_p50,1.01294788274,ratio,docs/data/surface_jirs2024_effect_packet.csv,https://doi.org/10.5281/zenodo.11384638,ground_ceiling_bin,Median same-PWM Fz ratio versus 100 cm far baseline at this normalized clearance.,ground,1.64042,4,0.996915248847,1.03406499671,1.03756609581,0.012947882735,,,,,,,,,,,,,,,,,,,,,,,,,,
surface_jirs2024_curve_fit_bin,ground_h_over_r_1.9685,fz_ratio_p50,0.989951384113,ratio,docs/data/surface_jirs2024_effect_packet.csv,https://doi.org/10.5281/zenodo.11384638,ground_ceiling_bin,Median same-PWM Fz ratio versus 100 cm far baseline at this normalized clearance.,ground,1.968504,4,0.963621788754,1.00199823514,1.00292136171,0,,,,,,,,,,,,,,,,,,,,,,,,,,
surface_jirs2024_curve_fit_bin,ground_h_over_r_2.29659,fz_ratio_p50,0.990377676586,ratio,docs/data/surface_jirs2024_effect_packet.csv,https://doi.org/10.5281/zenodo.11384638,ground_ceiling_bin,Median same-PWM Fz ratio versus 100 cm far baseline at this normalized clearance.,ground,2.296588,4,0.965845126411,0.999413680782,1,0,,,,,,,,,,,,,,,,,,,,,,,,,,
surface_jirs2024_curve_fit_bin,ground_h_over_r_2.75591,fz_ratio_p50,1.00058249215,ratio,docs/data/surface_jirs2024_effect_packet.csv,https://doi.org/10.5281/zenodo.11384638,ground_ceiling_bin,Median same-PWM Fz ratio versus 100 cm far baseline at this normalized clearance.,ground,2.755906,4,0.986945070046,1.01231122036,1.01697422721,0.000582492154,,,,,,,,,,,,,,,,,,,,,,,,,,
surface_jirs2024_curve_fit_bin,ground_h_over_r_6.56168,fz_ratio_p50,1,ratio,docs/data/surface_jirs2024_effect_packet.csv,https://doi.org/10.5281/zenodo.11384638,ground_ceiling_bin,Median same-PWM Fz ratio versus 100 cm far baseline at this normalized clearance.,ground,6.56168,4,1,1,1,0,,,,,,,,,,,,,,,,,,,,,,,,,,
surface_jirs2024_curve_fit_bin,ground_h_over_r_7.87402,fz_ratio_p50,1,ratio,docs/data/surface_jirs2024_effect_packet.csv,https://doi.org/10.5281/zenodo.11384638,ground_ceiling_bin,Median same-PWM Fz ratio versus 100 cm far baseline at this normalized clearance.,ground,7.874016,4,1,1,1,0,,,,,,,,,,,,,,,,,,,,,,,,,,
surface_jirs2024_curve_fit_model,ground_extra_lift_exp_fit,model_a,0.576141774524,extra ratio,docs/data/surface_jirs2024_effect_packet.csv,https://doi.org/10.5281/zenodo.11384638,ground_ceiling_fit,A parameter in multiplier = 1 + A * exp(-k * h/R).,ground,,,,,,,extra_lift_exponential,0.576141774524,1.9062,0.0159323160145,0.0110665839276,0.980116586669,10,,,,,,,,,,,,,,,,,,,
surface_jirs2024_curve_fit_model,ground_extra_lift_exp_fit,model_k,1.9062,1/(h/R),docs/data/surface_jirs2024_effect_packet.csv,https://doi.org/10.5281/zenodo.11384638,ground_ceiling_fit,k parameter in multiplier = 1 + A * exp(-k * h/R).,ground,,,,,,,extra_lift_exponential,0.576141774524,1.9062,0.0159323160145,0.0110665839276,0.980116586669,10,,,,,,,,,,,,,,,,,,,
surface_jirs2024_curve_fit_model,ground_extra_lift_exp_fit,fit_r2,0.980116586669,R2,docs/data/surface_jirs2024_effect_packet.csv,https://doi.org/10.5281/zenodo.11384638,ground_ceiling_fit,Goodness of fit over median h/R bins.,ground,,,,,,,extra_lift_exponential,0.576141774524,1.9062,0.0159323160145,0.0110665839276,0.980116586669,10,,,,,,,,,,,,,,,,,,,
surface_jirs2024_curve_fit_prediction,ground_h_over_r_0.328084,predicted_multiplier,1.30826507499,multiplier,docs/data/surface_jirs2024_effect_packet.csv,https://doi.org/10.5281/zenodo.11384638,ground_ceiling_prediction,Conservative smooth prediction from the JIRS far-normalized Fz ratios.,ground,0.328084,,,,,,extra_lift_exponential,0.576141774524,1.9062,,,0.980116586669,,0.308265074993,,,,,,,,,,,,,,,,,,
surface_jirs2024_curve_fit_prediction,ground_h_over_r_0.393701,predicted_multiplier,1.2720214492,multiplier,docs/data/surface_jirs2024_effect_packet.csv,https://doi.org/10.5281/zenodo.11384638,ground_ceiling_prediction,Conservative smooth prediction from the JIRS far-normalized Fz ratios.,ground,0.393701,,,,,,extra_lift_exponential,0.576141774524,1.9062,,,0.980116586669,,0.272021449199,,,,,,,,,,,,,,,,,,
surface_jirs2024_curve_fit_prediction,ground_h_over_r_0.5,predicted_multiplier,1.22212799432,multiplier,docs/data/surface_jirs2024_effect_packet.csv,https://doi.org/10.5281/zenodo.11384638,ground_ceiling_prediction,Conservative smooth prediction from the JIRS far-normalized Fz ratios.,ground,0.5,,,,,,extra_lift_exponential,0.576141774524,1.9062,,,0.980116586669,,0.222127994323,,,,,,,,,,,,,,,,,,
surface_jirs2024_curve_fit_prediction,ground_h_over_r_1,predicted_multiplier,1.08564011159,multiplier,docs/data/surface_jirs2024_effect_packet.csv,https://doi.org/10.5281/zenodo.11384638,ground_ceiling_prediction,Conservative smooth prediction from the JIRS far-normalized Fz ratios.,ground,1,,,,,,extra_lift_exponential,0.576141774524,1.9062,,,0.980116586669,,0.0856401115902,,,,,,,,,,,,,,,,,,
surface_jirs2024_curve_fit_prediction,ground_h_over_r_2,predicted_multiplier,1.01272990267,multiplier,docs/data/surface_jirs2024_effect_packet.csv,https://doi.org/10.5281/zenodo.11384638,ground_ceiling_prediction,Conservative smooth prediction from the JIRS far-normalized Fz ratios.,ground,2,,,,,,extra_lift_exponential,0.576141774524,1.9062,,,0.980116586669,,0.0127299026689,,,,,,,,,,,,,,,,,,
surface_jirs2024_curve_fit_prediction,ground_h_over_r_4,predicted_multiplier,1.00028126831,multiplier,docs/data/surface_jirs2024_effect_packet.csv,https://doi.org/10.5281/zenodo.11384638,ground_ceiling_prediction,Conservative smooth prediction from the JIRS far-normalized Fz ratios.,ground,4,,,,,,extra_lift_exponential,0.576141774524,1.9062,,,0.980116586669,,0.000281268307777,,,,,,,,,,,,,,,,,,
surface_jirs2024_curve_fit_prediction,ground_h_over_r_6,predicted_multiplier,1.00000621465,multiplier,docs/data/surface_jirs2024_effect_packet.csv,https://doi.org/10.5281/zenodo.11384638,ground_ceiling_prediction,Conservative smooth prediction from the JIRS far-normalized Fz ratios.,ground,6,,,,,,extra_lift_exponential,0.576141774524,1.9062,,,0.980116586669,,6.21464774848e-06,,,,,,,,,,,,,,,,,,
surface_jirs2024_curve_fit_bin,ceiling_h_over_r_0.328084,fz_ratio_p50,1.21101537482,ratio,docs/data/surface_jirs2024_effect_packet.csv,https://doi.org/10.5281/zenodo.11384638,ground_ceiling_bin,Median same-PWM Fz ratio versus 100 cm far baseline at this normalized clearance.,ceiling,0.328084,4,1.16924789315,1.22899391189,1.23171768707,0.21101537482,,,,,,,,,,,,,,,,,,,,,,,,,,
surface_jirs2024_curve_fit_bin,ceiling_h_over_r_0.393701,fz_ratio_p50,1.26322637483,ratio,docs/data/surface_jirs2024_effect_packet.csv,https://doi.org/10.5281/zenodo.11384638,ground_ceiling_bin,Median same-PWM Fz ratio versus 100 cm far baseline at this normalized clearance.,ceiling,0.393701,4,1.20968049777,1.28423515714,1.28879545278,0.263226374835,,,,,,,,,,,,,,,,,,,,,,,,,,
surface_jirs2024_curve_fit_bin,ceiling_h_over_r_0.984252,fz_ratio_p50,1.10354802649,ratio,docs/data/surface_jirs2024_effect_packet.csv,https://doi.org/10.5281/zenodo.11384638,ground_ceiling_bin,Median same-PWM Fz ratio versus 100 cm far baseline at this normalized clearance.,ceiling,0.984252,4,1.08074415646,1.10719958525,1.10732899023,0.10354802649,,,,,,,,,,,,,,,,,,,,,,,,,,
surface_jirs2024_curve_fit_bin,ceiling_h_over_r_1.1811,fz_ratio_p50,1.04853391914,ratio,docs/data/surface_jirs2024_effect_packet.csv,https://doi.org/10.5281/zenodo.11384638,ground_ceiling_bin,Median same-PWM Fz ratio versus 100 cm far baseline at this normalized clearance.,ceiling,1.181102,4,1.03446959576,1.07726583863,1.08541618002,0.04853391914,,,,,,,,,,,,,,,,,,,,,,,,,,
surface_jirs2024_curve_fit_bin,ceiling_h_over_r_1.64042,fz_ratio_p50,1.04246557322,ratio,docs/data/surface_jirs2024_effect_packet.csv,https://doi.org/10.5281/zenodo.11384638,ground_ceiling_bin,Median same-PWM Fz ratio versus 100 cm far baseline at this normalized clearance.,ceiling,1.64042,4,1.03107012244,1.04511469482,1.04584690554,0.042465573225,,,,,,,,,,,,,,,,,,,,,,,,,,
surface_jirs2024_curve_fit_bin,ceiling_h_over_r_1.9685,fz_ratio_p50,1.04269119572,ratio,docs/data/surface_jirs2024_effect_packet.csv,https://doi.org/10.5281/zenodo.11384638,ground_ceiling_bin,Median same-PWM Fz ratio versus 100 cm far baseline at this normalized clearance.,ceiling,1.968504,4,1.00744360041,1.04983277329,1.05123413533,0.042691195715,,,,,,,,,,,,,,,,,,,,,,,,,,
surface_jirs2024_curve_fit_bin,ceiling_h_over_r_2.29659,fz_ratio_p50,1.0122470215,ratio,docs/data/surface_jirs2024_effect_packet.csv,https://doi.org/10.5281/zenodo.11384638,ground_ceiling_bin,Median same-PWM Fz ratio versus 100 cm far baseline at this normalized clearance.,ceiling,2.296588,4,1.00082684052,1.02715594382,1.03279141346,0.0122470215,,,,,,,,,,,,,,,,,,,,,,,,,,
surface_jirs2024_curve_fit_bin,ceiling_h_over_r_2.75591,fz_ratio_p50,1.00655815894,ratio,docs/data/surface_jirs2024_effect_packet.csv,https://doi.org/10.5281/zenodo.11384638,ground_ceiling_bin,Median same-PWM Fz ratio versus 100 cm far baseline at this normalized clearance.,ceiling,2.755906,4,0.993352831694,1.01717946439,1.01892081289,0.006558158945,,,,,,,,,,,,,,,,,,,,,,,,,,
surface_jirs2024_curve_fit_bin,ceiling_h_over_r_6.56168,fz_ratio_p50,1,ratio,docs/data/surface_jirs2024_effect_packet.csv,https://doi.org/10.5281/zenodo.11384638,ground_ceiling_bin,Median same-PWM Fz ratio versus 100 cm far baseline at this normalized clearance.,ceiling,6.56168,4,1,1,1,0,,,,,,,,,,,,,,,,,,,,,,,,,,
surface_jirs2024_curve_fit_bin,ceiling_h_over_r_7.87402,fz_ratio_p50,1,ratio,docs/data/surface_jirs2024_effect_packet.csv,https://doi.org/10.5281/zenodo.11384638,ground_ceiling_bin,Median same-PWM Fz ratio versus 100 cm far baseline at this normalized clearance.,ceiling,7.874016,4,1,1,1,0,,,,,,,,,,,,,,,,,,,,,,,,,,
surface_jirs2024_curve_fit_model,ceiling_extra_lift_exp_fit,model_a,0.384690708893,extra ratio,docs/data/surface_jirs2024_effect_packet.csv,https://doi.org/10.5281/zenodo.11384638,ground_ceiling_fit,A parameter in multiplier = 1 + A * exp(-k * h/R).,ceiling,,,,,,,extra_lift_exponential,0.384690708893,1.38724,0.0194307382179,0.0131115496255,0.951208172755,10,,,,,,,,,,,,,,,,,,,
surface_jirs2024_curve_fit_model,ceiling_extra_lift_exp_fit,model_k,1.38724,1/(h/R),docs/data/surface_jirs2024_effect_packet.csv,https://doi.org/10.5281/zenodo.11384638,ground_ceiling_fit,k parameter in multiplier = 1 + A * exp(-k * h/R).,ceiling,,,,,,,extra_lift_exponential,0.384690708893,1.38724,0.0194307382179,0.0131115496255,0.951208172755,10,,,,,,,,,,,,,,,,,,,
surface_jirs2024_curve_fit_model,ceiling_extra_lift_exp_fit,fit_r2,0.951208172755,R2,docs/data/surface_jirs2024_effect_packet.csv,https://doi.org/10.5281/zenodo.11384638,ground_ceiling_fit,Goodness of fit over median h/R bins.,ceiling,,,,,,,extra_lift_exponential,0.384690708893,1.38724,0.0194307382179,0.0131115496255,0.951208172755,10,,,,,,,,,,,,,,,,,,,
surface_jirs2024_curve_fit_prediction,ceiling_h_over_r_0.328084,predicted_multiplier,1.2440342074,multiplier,docs/data/surface_jirs2024_effect_packet.csv,https://doi.org/10.5281/zenodo.11384638,ground_ceiling_prediction,Conservative smooth prediction from the JIRS far-normalized Fz ratios.,ceiling,0.328084,,,,,,extra_lift_exponential,0.384690708893,1.38724,,,0.951208172755,,0.244034207403,,,,,,,,,,,,,,,,,,
surface_jirs2024_curve_fit_prediction,ceiling_h_over_r_0.393701,predicted_multiplier,1.22280164307,multiplier,docs/data/surface_jirs2024_effect_packet.csv,https://doi.org/10.5281/zenodo.11384638,ground_ceiling_prediction,Conservative smooth prediction from the JIRS far-normalized Fz ratios.,ceiling,0.393701,,,,,,extra_lift_exponential,0.384690708893,1.38724,,,0.951208172755,,0.222801643069,,,,,,,,,,,,,,,,,,
surface_jirs2024_curve_fit_prediction,ceiling_h_over_r_0.5,predicted_multiplier,1.19225443132,multiplier,docs/data/surface_jirs2024_effect_packet.csv,https://doi.org/10.5281/zenodo.11384638,ground_ceiling_prediction,Conservative smooth prediction from the JIRS far-normalized Fz ratios.,ceiling,0.5,,,,,,extra_lift_exponential,0.384690708893,1.38724,,,0.951208172755,,0.19225443132,,,,,,,,,,,,,,,,,,
surface_jirs2024_curve_fit_prediction,ceiling_h_over_r_1,predicted_multiplier,1.09608177559,multiplier,docs/data/surface_jirs2024_effect_packet.csv,https://doi.org/10.5281/zenodo.11384638,ground_ceiling_prediction,Conservative smooth prediction from the JIRS far-normalized Fz ratios.,ceiling,1,,,,,,extra_lift_exponential,0.384690708893,1.38724,,,0.951208172755,,0.0960817755872,,,,,,,,,,,,,,,,,,
surface_jirs2024_curve_fit_prediction,ceiling_h_over_r_2,predicted_multiplier,1.02399773997,multiplier,docs/data/surface_jirs2024_effect_packet.csv,https://doi.org/10.5281/zenodo.11384638,ground_ceiling_prediction,Conservative smooth prediction from the JIRS far-normalized Fz ratios.,ceiling,2,,,,,,extra_lift_exponential,0.384690708893,1.38724,,,0.951208172755,,0.0239977399677,,,,,,,,,,,,,,,,,,
surface_jirs2024_curve_fit_prediction,ceiling_h_over_r_4,predicted_multiplier,1.00149702478,multiplier,docs/data/surface_jirs2024_effect_packet.csv,https://doi.org/10.5281/zenodo.11384638,ground_ceiling_prediction,Conservative smooth prediction from the JIRS far-normalized Fz ratios.,ceiling,4,,,,,,extra_lift_exponential,0.384690708893,1.38724,,,0.951208172755,,0.00149702477924,,,,,,,,,,,,,,,,,,
surface_jirs2024_curve_fit_prediction,ceiling_h_over_r_6,predicted_multiplier,1.00009338726,multiplier,docs/data/surface_jirs2024_effect_packet.csv,https://doi.org/10.5281/zenodo.11384638,ground_ceiling_prediction,Conservative smooth prediction from the JIRS far-normalized Fz ratios.,ceiling,6,,,,,,extra_lift_exponential,0.384690708893,1.38724,,,0.951208172755,,9.33872603288e-05,,,,,,,,,,,,,,,,,,
surface_jirs2024_curve_fit_runtime_compare,racingQuad_ground_h_over_r_0.5,current_over_jirs_fit_multiplier,0.950353839078,ratio,docs/data/surface_nearfield_calibration_packet.csv,https://doi.org/10.5281/zenodo.11384638,runtime_comparison,Compares current runtime multiplier with the conservative JIRS curve-fit multiplier.,ground,0.5,,,,,,,,,,,,,,1.16145403125,1.22212799432,0.16145403125,0.222127994323,0.726851344163,0.950353839078,,,,,,,,,,,,
surface_jirs2024_curve_fit_runtime_compare,racingQuad_ground_h_over_r_1,current_over_jirs_fit_multiplier,1.05367894276,ratio,docs/data/surface_nearfield_calibration_packet.csv,https://doi.org/10.5281/zenodo.11384638,runtime_comparison,Compares current runtime multiplier with the conservative JIRS curve-fit multiplier.,ground,1,,,,,,,,,,,,,,1.143916125,1.08564011159,0.143916125,0.0856401115902,1.6804756828,1.05367894276,,,,,,,,,,,,
surface_jirs2024_curve_fit_runtime_compare,racingQuad_ground_h_over_r_2,current_over_jirs_fit_multiplier,1.09788848643,ratio,docs/data/surface_nearfield_calibration_packet.csv,https://doi.org/10.5281/zenodo.11384638,runtime_comparison,Compares current runtime multiplier with the conservative JIRS curve-fit multiplier.,ground,2,,,,,,,,,,,,,,1.1118645,1.01272990267,0.1118645,0.0127299026689,8.78753772982,1.09788848643,,,,,,,,,,,,
surface_jirs2024_curve_fit_runtime_compare,racingQuad_ground_h_over_r_4,current_over_jirs_fit_multiplier,1.05955997936,ratio,docs/data/surface_nearfield_calibration_packet.csv,https://doi.org/10.5281/zenodo.11384638,runtime_comparison,Compares current runtime multiplier with the conservative JIRS curve-fit multiplier.,ground,4,,,,,,,,,,,,,,1.059858,1.00028126831,0.059858,0.000281268307777,212.814591424,1.05955997936,,,,,,,,,,,,
surface_jirs2024_curve_fit_runtime_compare,racingQuad_ground_h_over_r_6,current_over_jirs_fit_multiplier,1.02397413636,ratio,docs/data/surface_nearfield_calibration_packet.csv,https://doi.org/10.5281/zenodo.11384638,runtime_comparison,Compares current runtime multiplier with the conservative JIRS curve-fit multiplier.,ground,6,,,,,,,,,,,,,,1.0239805,1.00000621465,0.0239805,6.21464774841e-06,3858.70623256,1.02397413636,,,,,,,,,,,,
surface_jirs2024_curve_fit_runtime_compare,racingQuad_ceiling_h_over_r_0.5,current_over_jirs_fit_multiplier,0.942594051637,ratio,docs/data/surface_nearfield_calibration_packet.csv,https://doi.org/10.5281/zenodo.11384638,runtime_comparison,Compares current runtime multiplier with the conservative JIRS curve-fit multiplier.,ceiling,0.5,,,,,,,,,,,,,,1.123811935,1.19225443132,0.123811935,0.19225443132,0.644000422512,0.942594051637,,,,,,,,,,,,
surface_jirs2024_curve_fit_runtime_compare,racingQuad_ceiling_h_over_r_1,current_over_jirs_fit_multiplier,1.01553348007,ratio,docs/data/surface_nearfield_calibration_packet.csv,https://doi.org/10.5281/zenodo.11384638,runtime_comparison,Compares current runtime multiplier with the conservative JIRS curve-fit multiplier.,ceiling,1,,,,,,,,,,,,,,1.11310774,1.09608177559,0.11310774,0.0960817755872,1.17720284944,1.01553348007,,,,,,,,,,,,
surface_jirs2024_curve_fit_runtime_compare,racingQuad_ceiling_h_over_r_2,current_over_jirs_fit_multiplier,1.06753259049,ratio,docs/data/surface_nearfield_calibration_packet.csv,https://doi.org/10.5281/zenodo.11384638,runtime_comparison,Compares current runtime multiplier with the conservative JIRS curve-fit multiplier.,ceiling,2,,,,,,,,,,,,,,1.09315096,1.02399773997,0.09315096,0.0239977399677,3.88165552779,1.06753259049,,,,,,,,,,,,
surface_jirs2024_curve_fit_runtime_compare,racingQuad_ceiling_h_over_r_4,current_over_jirs_fit_multiplier,1.05746079499,ratio,docs/data/surface_nearfield_calibration_packet.csv,https://doi.org/10.5281/zenodo.11384638,runtime_comparison,Compares current runtime multiplier with the conservative JIRS curve-fit multiplier.,ceiling,4,,,,,,,,,,,,,,1.05904384,1.00149702478,0.05904384,0.00149702477924,39.4407900382,1.05746079499,,,,,,,,,,,,
surface_jirs2024_curve_fit_runtime_compare,racingQuad_ceiling_h_over_r_6,current_over_jirs_fit_multiplier,1.03258220998,ratio,docs/data/surface_nearfield_calibration_packet.csv,https://doi.org/10.5281/zenodo.11384638,runtime_comparison,Compares current runtime multiplier with the conservative JIRS curve-fit multiplier.,ceiling,6,,,,,,,,,,,,,,1.03267864,1.00009338726,0.03267864,9.33872603288e-05,349.926102179,1.03258220998,,,,,,,,,,,,
surface_jirs2024_curve_fit_bin,wall_txc_abs_force_d_over_r_0.964567,abs_force_p50,0.103412,N,docs/data/surface_jirs2024_effect_packet.csv,https://doi.org/10.5281/zenodo.11384638,wall_bin,Median absolute wall force/moment by normalized wall distance.,wall,0.964567,4,,,,,,,,,,,,,,,,,,,txc,0.103412,0.025456,0.216265,0.24607,,,,,,,
surface_jirs2024_curve_fit_bin,wall_txc_abs_force_d_over_r_1,abs_force_p50,0.109954,N,docs/data/surface_jirs2024_effect_packet.csv,https://doi.org/10.5281/zenodo.11384638,wall_bin,Median absolute wall force/moment by normalized wall distance.,wall,1,4,,,,,,,,,,,,,,,,,,,txc,0.109954,0.030052,0.198804,0.21567,,,,,,,
surface_jirs2024_curve_fit_bin,wall_txc_abs_force_d_over_r_1.44685,abs_force_p50,0.0974055,N,docs/data/surface_jirs2024_effect_packet.csv,https://doi.org/10.5281/zenodo.11384638,wall_bin,Median absolute wall force/moment by normalized wall distance.,wall,1.44685,4,,,,,,,,,,,,,,,,,,,txc,0.0974055,0.0084853,0.117101,0.12092,,,,,,,
surface_jirs2024_curve_fit_bin,wall_txc_abs_force_d_over_r_1.5,abs_force_p50,0.0652305,N,docs/data/surface_jirs2024_effect_packet.csv,https://doi.org/10.5281/zenodo.11384638,wall_bin,Median absolute wall force/moment by normalized wall distance.,wall,1.5,4,,,,,,,,,,,,,,,,,,,txc,0.0652305,0.026163,0.1528737,0.17748,,,,,,,
surface_jirs2024_curve_fit_bin,wall_txc_abs_force_d_over_r_1.92913,abs_force_p50,0.0470225,N,docs/data/surface_jirs2024_effect_packet.csv,https://doi.org/10.5281/zenodo.11384638,wall_bin,Median absolute wall force/moment by normalized wall distance.,wall,1.929134,4,,,,,,,,,,,,,,,,,,,txc,0.0470225,0.025809,0.0544822,0.055861,,,,,,,
surface_jirs2024_curve_fit_bin,wall_txc_abs_force_d_over_r_2,abs_force_p50,0.0413655,N,docs/data/surface_jirs2024_effect_packet.csv,https://doi.org/10.5281/zenodo.11384638,wall_bin,Median absolute wall force/moment by normalized wall distance.,wall,2,4,,,,,,,,,,,,,,,,,,,txc,0.0413655,0.0088388,0.0796203,0.095106,,,,,,,
surface_jirs2024_curve_fit_bin,wall_txc_abs_force_d_over_r_2.41142,abs_force_p50,0.03429465,N,docs/data/surface_jirs2024_effect_packet.csv,https://doi.org/10.5281/zenodo.11384638,wall_bin,Median absolute wall force/moment by normalized wall distance.,wall,2.411417,4,,,,,,,,,,,,,,,,,,,txc,0.03429465,0.0081317,0.0692614,0.073186,,,,,,,
surface_jirs2024_curve_fit_bin,wall_txc_abs_force_d_over_r_2.5,abs_force_p50,0.0433105,N,docs/data/surface_jirs2024_effect_packet.csv,https://doi.org/10.5281/zenodo.11384638,wall_bin,Median absolute wall force/moment by normalized wall distance.,wall,2.5,4,,,,,,,,,,,,,,,,,,,txc,0.0433105,0.021567,0.0753071,0.081671,,,,,,,
surface_jirs2024_curve_fit_bin,wall_txc_abs_force_d_over_r_2.8937,abs_force_p50,0.023688,N,docs/data/surface_jirs2024_effect_packet.csv,https://doi.org/10.5281/zenodo.11384638,wall_bin,Median absolute wall force/moment by normalized wall distance.,wall,2.893701,4,,,,,,,,,,,,,,,,,,,txc,0.011137,0.012374,0.0829074,0.10359,,,,,,,
surface_jirs2024_curve_fit_bin,wall_txc_abs_force_d_over_r_3,abs_force_p50,0.0171474,N,docs/data/surface_jirs2024_effect_packet.csv,https://doi.org/10.5281/zenodo.11384638,wall_bin,Median absolute wall force/moment by normalized wall distance.,wall,3,4,,,,,,,,,,,,,,,,,,,txc,0.01467255,0.0038891,0.058867,0.073186,,,,,,,
surface_jirs2024_curve_fit_model,wall_txc_abs_force_exp_fit,model_a,0.235855498227,N,docs/data/surface_jirs2024_effect_packet.csv,https://doi.org/10.5281/zenodo.11384638,wall_fit,A parameter in abs(force_or_moment) = A * exp(-k * d/R).,wall,,,,,,,absolute_wall_exponential,0.235855498227,0.78345,0.00892734424607,0.00690123726608,0.923271352622,10,,,,,,,,txc,,,,,,,,,,,
surface_jirs2024_curve_fit_model,wall_txc_abs_force_exp_fit,model_k,0.78345,1/(d/R),docs/data/surface_jirs2024_effect_packet.csv,https://doi.org/10.5281/zenodo.11384638,wall_fit,k parameter in abs(force_or_moment) = A * exp(-k * d/R).,wall,,,,,,,absolute_wall_exponential,0.235855498227,0.78345,0.00892734424607,0.00690123726608,0.923271352622,10,,,,,,,,txc,,,,,,,,,,,
surface_jirs2024_curve_fit_model,wall_txc_abs_force_exp_fit,fit_r2,0.923271352622,R2,docs/data/surface_jirs2024_effect_packet.csv,https://doi.org/10.5281/zenodo.11384638,wall_fit,Goodness of fit over median d/R bins; low values mean use as a weak distance-scale cue only.,wall,,,,,,,absolute_wall_exponential,0.235855498227,0.78345,0.00892734424607,0.00690123726608,0.923271352622,10,,,,,,,,txc,,,,,,,,,,,
surface_jirs2024_curve_fit_prediction,wall_txc_abs_force_d_over_r_1,predicted_abs_force,0.107745215237,N,docs/data/surface_jirs2024_effect_packet.csv,https://doi.org/10.5281/zenodo.11384638,wall_prediction,Distance-scale prediction from median absolute wall rows; use with the fit R2 and uncertainty fields.,wall,1,,,,,,absolute_wall_exponential,0.235855498227,0.78345,,,0.923271352622,,,,,,,,,txc,,,,,0.0389109547857,2.76902008267,,,,,
surface_jirs2024_curve_fit_prediction,wall_txc_abs_force_d_over_r_1.5,predicted_abs_force,0.0728239090171,N,docs/data/surface_jirs2024_effect_packet.csv,https://doi.org/10.5281/zenodo.11384638,wall_prediction,Distance-scale prediction from median absolute wall rows; use with the fit R2 and uncertainty fields.,wall,1.5,,,,,,absolute_wall_exponential,0.235855498227,0.78345,,,0.923271352622,,,,,,,,,txc,,,,,0.0389109547857,1.87155286778,,,,,
surface_jirs2024_curve_fit_prediction,wall_txc_abs_force_d_over_r_2,predicted_abs_force,0.0492209488175,N,docs/data/surface_jirs2024_effect_packet.csv,https://doi.org/10.5281/zenodo.11384638,wall_prediction,Distance-scale prediction from median absolute wall rows; use with the fit R2 and uncertainty fields.,wall,2,,,,,,absolute_wall_exponential,0.235855498227,0.78345,,,0.923271352622,,,,,,,,,txc,,,,,0.0389109547857,1.26496378947,,,,,
surface_jirs2024_curve_fit_prediction,wall_txc_abs_force_d_over_r_3,predicted_abs_force,0.022485469978,N,docs/data/surface_jirs2024_effect_packet.csv,https://doi.org/10.5281/zenodo.11384638,wall_prediction,Distance-scale prediction from median absolute wall rows; use with the fit R2 and uncertainty fields.,wall,3,,,,,,absolute_wall_exponential,0.235855498227,0.78345,,,0.923271352622,,,,,,,,,txc,,,,,0.0389109547857,0.577869910975,,,,,
surface_jirs2024_curve_fit_bin,wall_txc_abs_moment_d_over_r_0.964567,abs_moment_p50,0.033676,N*m,docs/data/surface_jirs2024_effect_packet.csv,https://doi.org/10.5281/zenodo.11384638,wall_bin,Median absolute wall force/moment by normalized wall distance.,wall,0.964567,4,,,,,,,,,,,,,,,,,,,txc,0.033676,0.0051972,0.064018,0.072514,,,,,,,
surface_jirs2024_curve_fit_bin,wall_txc_abs_moment_d_over_r_1,abs_moment_p50,0.067511,N*m,docs/data/surface_jirs2024_effect_packet.csv,https://doi.org/10.5281/zenodo.11384638,wall_bin,Median absolute wall force/moment by normalized wall distance.,wall,1,4,,,,,,,,,,,,,,,,,,,txc,0.067511,0.028991,0.1125319,0.11947,,,,,,,
surface_jirs2024_curve_fit_bin,wall_txc_abs_moment_d_over_r_1.44685,abs_moment_p50,0.00570985,N*m,docs/data/surface_jirs2024_effect_packet.csv,https://doi.org/10.5281/zenodo.11384638,wall_bin,Median absolute wall force/moment by normalized wall distance.,wall,1.44685,4,,,,,,,,,,,,,,,,,,,txc,0.00532095,0.0030759,0.0104619,0.011703,,,,,,,
surface_jirs2024_curve_fit_bin,wall_txc_abs_moment_d_over_r_1.5,abs_moment_p50,0.0406055,N*m,docs/data/surface_jirs2024_effect_packet.csv,https://doi.org/10.5281/zenodo.11384638,wall_bin,Median absolute wall force/moment by normalized wall distance.,wall,1.5,4,,,,,,,,,,,,,,,,,,,txc,0.0406055,0.01241,0.0910104,0.10218,,,,,,,
surface_jirs2024_curve_fit_bin,wall_txc_abs_moment_d_over_r_1.92913,abs_moment_p50,0.0196576,N*m,docs/data/surface_jirs2024_effect_packet.csv,https://doi.org/10.5281/zenodo.11384638,wall_bin,Median absolute wall force/moment by normalized wall distance.,wall,1.929134,4,,,,,,,,,,,,,,,,,,,txc,-0.0184555,0.003783,0.0416169,0.045255,,,,,,,
surface_jirs2024_curve_fit_bin,wall_txc_abs_moment_d_over_r_2,abs_moment_p50,0.013453,N*m,docs/data/surface_jirs2024_effect_packet.csv,https://doi.org/10.5281/zenodo.11384638,wall_bin,Median absolute wall force/moment by normalized wall distance.,wall,2,4,,,,,,,,,,,,,,,,,,,txc,0.0027402,0.0090156,0.020782,0.023476,,,,,,,
surface_jirs2024_curve_fit_bin,wall_txc_abs_moment_d_over_r_2.41142,abs_moment_p50,0.01895025,N*m,docs/data/surface_jirs2024_effect_packet.csv,https://doi.org/10.5281/zenodo.11384638,wall_bin,Median absolute wall force/moment by normalized wall distance.,wall,2.411417,4,,,,,,,,,,,,,,,,,,,txc,-0.01895025,0.0035355,0.0389046,0.042426,,,,,,,
surface_jirs2024_curve_fit_bin,wall_txc_abs_moment_d_over_r_2.5,abs_moment_p50,0.00692965,N*m,docs/data/surface_jirs2024_effect_packet.csv,https://doi.org/10.5281/zenodo.11384638,wall_bin,Median absolute wall force/moment by normalized wall distance.,wall,2.5,4,,,,,,,,,,,,,,,,,,,txc,0.00588665,0.0055508,0.01144774,0.013081,,,,,,,
surface_jirs2024_curve_fit_bin,wall_txc_abs_moment_d_over_r_2.8937,abs_moment_p50,0.043328,N*m,docs/data/surface_jirs2024_effect_packet.csv,https://doi.org/10.5281/zenodo.11384638,wall_bin,Median absolute wall force/moment by normalized wall distance.,wall,2.893701,4,,,,,,,,,,,,,,,,,,,txc,-0.043328,0.0034648,0.0524393,0.0542,,,,,,,
surface_jirs2024_curve_fit_bin,wall_txc_abs_moment_d_over_r_3,abs_moment_p50,0.00242185,N*m,docs/data/surface_jirs2024_effect_packet.csv,https://doi.org/10.5281/zenodo.11384638,wall_bin,Median absolute wall force/moment by normalized wall distance.,wall,3,4,,,,,,,,,,,,,,,,,,,txc,-0.0006717725,3.5355e-05,0.01574014,0.021001,,,,,,,
surface_jirs2024_curve_fit_model,wall_txc_abs_moment_exp_fit,model_a,0.0909506657331,N*m,docs/data/surface_jirs2024_effect_packet.csv,https://doi.org/10.5281/zenodo.11384638,wall_fit,A parameter in abs(force_or_moment) = A * exp(-k * d/R).,wall,,,,,,,absolute_wall_exponential,0.0909506657331,0.72856,0.0164483568092,0.0132582675703,0.300600567237,10,,,,,,,,txc,,,,,,,,,,,
surface_jirs2024_curve_fit_model,wall_txc_abs_moment_exp_fit,model_k,0.72856,1/(d/R),docs/data/surface_jirs2024_effect_packet.csv,https://doi.org/10.5281/zenodo.11384638,wall_fit,k parameter in abs(force_or_moment) = A * exp(-k * d/R).,wall,,,,,,,absolute_wall_exponential,0.0909506657331,0.72856,0.0164483568092,0.0132582675703,0.300600567237,10,,,,,,,,txc,,,,,,,,,,,
surface_jirs2024_curve_fit_model,wall_txc_abs_moment_exp_fit,fit_r2,0.300600567237,R2,docs/data/surface_jirs2024_effect_packet.csv,https://doi.org/10.5281/zenodo.11384638,wall_fit,Goodness of fit over median d/R bins; low values mean use as a weak distance-scale cue only.,wall,,,,,,,absolute_wall_exponential,0.0909506657331,0.72856,0.0164483568092,0.0132582675703,0.300600567237,10,,,,,,,,txc,,,,,,,,,,,
surface_jirs2024_curve_fit_prediction,wall_txc_abs_moment_d_over_r_1,predicted_abs_moment,0.0438931040548,N*m,docs/data/surface_jirs2024_effect_packet.csv,https://doi.org/10.5281/zenodo.11384638,wall_prediction,Distance-scale prediction from median absolute wall rows; use with the fit R2 and uncertainty fields.,wall,1,,,,,,absolute_wall_exponential,0.0909506657331,0.72856,,,0.300600567237,,,,,,,,,txc,,,,,0.00687397096237,6.38540725515,,,,,
surface_jirs2024_curve_fit_prediction,wall_txc_abs_moment_d_over_r_1.5,predicted_abs_moment,0.0304923924523,N*m,docs/data/surface_jirs2024_effect_packet.csv,https://doi.org/10.5281/zenodo.11384638,wall_prediction,Distance-scale prediction from median absolute wall rows; use with the fit R2 and uncertainty fields.,wall,1.5,,,,,,absolute_wall_exponential,0.0909506657331,0.72856,,,0.300600567237,,,,,,,,,txc,,,,,0.00687397096237,4.43592104465,,,,,
surface_jirs2024_curve_fit_prediction,wall_txc_abs_moment_d_over_r_2,predicted_abs_moment,0.0211829629617,N*m,docs/data/surface_jirs2024_effect_packet.csv,https://doi.org/10.5281/zenodo.11384638,wall_prediction,Distance-scale prediction from median absolute wall rows; use with the fit R2 and uncertainty fields.,wall,2,,,,,,absolute_wall_exponential,0.0909506657331,0.72856,,,0.300600567237,,,,,,,,,txc,,,,,0.00687397096237,3.08161950023,,,,,
surface_jirs2024_curve_fit_prediction,wall_txc_abs_moment_d_over_r_3,predicted_abs_moment,0.0102229707718,N*m,docs/data/surface_jirs2024_effect_packet.csv,https://doi.org/10.5281/zenodo.11384638,wall_prediction,Distance-scale prediction from median absolute wall rows; use with the fit R2 and uncertainty fields.,wall,3,,,,,,absolute_wall_exponential,0.0909506657331,0.72856,,,0.300600567237,,,,,,,,,txc,,,,,0.00687397096237,1.48720016825,,,,,
surface_jirs2024_curve_fit_bin,wall_DU2SRI_abs_force_d_over_r_0.964567,abs_force_p50,0.21102,N,docs/data/surface_jirs2024_effect_packet.csv,https://doi.org/10.5281/zenodo.11384638,wall_bin,Median absolute wall force/moment by normalized wall distance.,wall,0.964567,5,,,,,,,,,,,,,,,,,,,DU2SRI,-0.21102,0.060693,0.284114,0.33019,,,,,,,
surface_jirs2024_curve_fit_bin,wall_DU2SRI_abs_force_d_over_r_1,abs_force_p50,0.113655,N,docs/data/surface_jirs2024_effect_packet.csv,https://doi.org/10.5281/zenodo.11384638,wall_bin,Median absolute wall force/moment by normalized wall distance.,wall,1,10,,,,,,,,,,,,,,,,,,,DU2SRI,-0.113655,0.025359,0.154099,0.18046,,,,,,,
surface_jirs2024_curve_fit_bin,wall_DU2SRI_abs_force_d_over_r_1.20567,abs_force_p50,0.17051,N,docs/data/surface_jirs2024_effect_packet.csv,https://doi.org/10.5281/zenodo.11384638,wall_bin,Median absolute wall force/moment by normalized wall distance.,wall,1.205669,5,,,,,,,,,,,,,,,,,,,DU2SRI,-0.17051,0.026411,0.220368,0.24966,,,,,,,
surface_jirs2024_curve_fit_bin,wall_DU2SRI_abs_force_d_over_r_1.25,abs_force_p50,0.061631,N,docs/data/surface_jirs2024_effect_packet.csv,https://doi.org/10.5281/zenodo.11384638,wall_bin,Median absolute wall force/moment by normalized wall distance.,wall,1.25,5,,,,,,,,,,,,,,,,,,,DU2SRI,-0.061631,0.038401,0.135202,0.15301,,,,,,,
surface_jirs2024_curve_fit_bin,wall_DU2SRI_abs_force_d_over_r_1.25003,abs_force_p50,0.24225,N,docs/data/surface_jirs2024_effect_packet.csv,https://doi.org/10.5281/zenodo.11384638,wall_bin,Median absolute wall force/moment by normalized wall distance.,wall,1.25003,5,,,,,,,,,,,,,,,,,,,DU2SRI,-0.24225,0.064748,0.365724,0.42172,,,,,,,
surface_jirs2024_curve_fit_bin,wall_DU2SRI_abs_force_d_over_r_1.44685,abs_force_p50,0.14268,N,docs/data/surface_jirs2024_effect_packet.csv,https://doi.org/10.5281/zenodo.11384638,wall_bin,Median absolute wall force/moment by normalized wall distance.,wall,1.44685,5,,,,,,,,,,,,,,,,,,,DU2SRI,-0.14268,0.06709,0.26992,0.28008,,,,,,,
surface_jirs2024_curve_fit_bin,wall_DU2SRI_abs_force_d_over_r_1.5,abs_force_p50,0.15561,N,docs/data/surface_jirs2024_effect_packet.csv,https://doi.org/10.5281/zenodo.11384638,wall_bin,Median absolute wall force/moment by normalized wall distance.,wall,1.5,10,,,,,,,,,,,,,,,,,,,DU2SRI,-0.15561,0.070702,0.25713,0.27009,,,,,,,
surface_jirs2024_curve_fit_bin,wall_DU2SRI_abs_force_d_over_r_1.68803,abs_force_p50,0.076645,N,docs/data/surface_jirs2024_effect_packet.csv,https://doi.org/10.5281/zenodo.11384638,wall_bin,Median absolute wall force/moment by normalized wall distance.,wall,1.688031,5,,,,,,,,,,,,,,,,,,,DU2SRI,-0.076645,0.046497,0.32595,0.33399,,,,,,,
surface_jirs2024_curve_fit_bin,wall_DU2SRI_abs_force_d_over_r_1.75,abs_force_p50,0.09864,N,docs/data/surface_jirs2024_effect_packet.csv,https://doi.org/10.5281/zenodo.11384638,wall_bin,Median absolute wall force/moment by normalized wall distance.,wall,1.75,5,,,,,,,,,,,,,,,,,,,DU2SRI,-0.09864,0.027532,0.150978,0.15883,,,,,,,
surface_jirs2024_curve_fit_bin,wall_DU2SRI_abs_force_d_over_r_1.75003,abs_force_p50,0.29791,N,docs/data/surface_jirs2024_effect_packet.csv,https://doi.org/10.5281/zenodo.11384638,wall_bin,Median absolute wall force/moment by normalized wall distance.,wall,1.75003,5,,,,,,,,,,,,,,,,,,,DU2SRI,-0.29791,0.1283,0.418406,0.42777,,,,,,,
surface_jirs2024_curve_fit_bin,wall_DU2SRI_abs_force_d_over_r_1.92913,abs_force_p50,0.13927,N,docs/data/surface_jirs2024_effect_packet.csv,https://doi.org/10.5281/zenodo.11384638,wall_bin,Median absolute wall force/moment by normalized wall distance.,wall,1.929134,5,,,,,,,,,,,,,,,,,,,DU2SRI,-0.13927,0.1322,0.26678,0.30712,,,,,,,
surface_jirs2024_curve_fit_bin,wall_DU2SRI_abs_force_d_over_r_2,abs_force_p50,0.153335,N,docs/data/surface_jirs2024_effect_packet.csv,https://doi.org/10.5281/zenodo.11384638,wall_bin,Median absolute wall force/moment by normalized wall distance.,wall,2,10,,,,,,,,,,,,,,,,,,,DU2SRI,-0.153335,0.043697,0.298082,0.29882,,,,,,,
surface_jirs2024_curve_fit_bin,wall_DU2SRI_abs_force_d_over_r_2.41142,abs_force_p50,0.085608,N,docs/data/surface_jirs2024_effect_packet.csv,https://doi.org/10.5281/zenodo.11384638,wall_bin,Median absolute wall force/moment by normalized wall distance.,wall,2.411417,5,,,,,,,,,,,,,,,,,,,DU2SRI,-0.085608,0.022617,0.148062,0.16165,,,,,,,
surface_jirs2024_curve_fit_bin,wall_DU2SRI_abs_force_d_over_r_2.5,abs_force_p50,0.079658,N,docs/data/surface_jirs2024_effect_packet.csv,https://doi.org/10.5281/zenodo.11384638,wall_bin,Median absolute wall force/moment by normalized wall distance.,wall,2.5,10,,,,,,,,,,,,,,,,,,,DU2SRI,-0.0193519,0.0011652,0.200219,0.24494,,,,,,,
surface_jirs2024_curve_fit_bin,wall_DU2SRI_abs_force_d_over_r_2.8937,abs_force_p50,0.17288,N,docs/data/surface_jirs2024_effect_packet.csv,https://doi.org/10.5281/zenodo.11384638,wall_bin,Median absolute wall force/moment by normalized wall distance.,wall,2.893701,5,,,,,,,,,,,,,,,,,,,DU2SRI,-0.17288,0.036226,0.267228,0.3208,,,,,,,
surface_jirs2024_curve_fit_bin,wall_DU2SRI_abs_force_d_over_r_3,abs_force_p50,0.0501385,N,docs/data/surface_jirs2024_effect_packet.csv,https://doi.org/10.5281/zenodo.11384638,wall_bin,Median absolute wall force/moment by normalized wall distance.,wall,3,10,,,,,,,,,,,,,,,,,,,DU2SRI,0.033713,0.0068805,0.177984,0.2421,,,,,,,
surface_jirs2024_curve_fit_model,wall_DU2SRI_abs_force_exp_fit,model_a,0.220878518217,N,docs/data/surface_jirs2024_effect_packet.csv,https://doi.org/10.5281/zenodo.11384638,wall_fit,A parameter in abs(force_or_moment) = A * exp(-k * d/R).,wall,,,,,,,absolute_wall_exponential,0.220878518217,0.2595,0.0624944263709,0.0488155491655,0.108606783394,16,,,,,,,,DU2SRI,,,,,,,,,,,
surface_jirs2024_curve_fit_model,wall_DU2SRI_abs_force_exp_fit,model_k,0.2595,1/(d/R),docs/data/surface_jirs2024_effect_packet.csv,https://doi.org/10.5281/zenodo.11384638,wall_fit,k parameter in abs(force_or_moment) = A * exp(-k * d/R).,wall,,,,,,,absolute_wall_exponential,0.220878518217,0.2595,0.0624944263709,0.0488155491655,0.108606783394,16,,,,,,,,DU2SRI,,,,,,,,,,,
surface_jirs2024_curve_fit_model,wall_DU2SRI_abs_force_exp_fit,fit_r2,0.108606783394,R2,docs/data/surface_jirs2024_effect_packet.csv,https://doi.org/10.5281/zenodo.11384638,wall_fit,Goodness of fit over median d/R bins; low values mean use as a weak distance-scale cue only.,wall,,,,,,,absolute_wall_exponential,0.220878518217,0.2595,0.0624944263709,0.0488155491655,0.108606783394,16,,,,,,,,DU2SRI,,,,,,,,,,,
surface_jirs2024_curve_fit_prediction,wall_DU2SRI_abs_force_d_over_r_1,predicted_abs_force,0.170393907399,N,docs/data/surface_jirs2024_effect_packet.csv,https://doi.org/10.5281/zenodo.11384638,wall_prediction,Distance-scale prediction from median absolute wall rows; use with the fit R2 and uncertainty fields.,wall,1,,,,,,absolute_wall_exponential,0.220878518217,0.2595,,,0.108606783394,,,,,,,,,DU2SRI,,,,,1.1100511642,0.15350094923,,,,,
surface_jirs2024_curve_fit_prediction,wall_DU2SRI_abs_force_d_over_r_1.5,predicted_abs_force,0.149659521748,N,docs/data/surface_jirs2024_effect_packet.csv,https://doi.org/10.5281/zenodo.11384638,wall_prediction,Distance-scale prediction from median absolute wall rows; use with the fit R2 and uncertainty fields.,wall,1.5,,,,,,absolute_wall_exponential,0.220878518217,0.2595,,,0.108606783394,,,,,,,,,DU2SRI,,,,,1.1100511642,0.134822183494,,,,,
surface_jirs2024_curve_fit_prediction,wall_DU2SRI_abs_force_d_over_r_2,predicted_abs_force,0.131448200183,N,docs/data/surface_jirs2024_effect_packet.csv,https://doi.org/10.5281/zenodo.11384638,wall_prediction,Distance-scale prediction from median absolute wall rows; use with the fit R2 and uncertainty fields.,wall,2,,,,,,absolute_wall_exponential,0.220878518217,0.2595,,,0.108606783394,,,,,,,,,DU2SRI,,,,,1.1100511642,0.118416343699,,,,,
surface_jirs2024_curve_fit_prediction,wall_DU2SRI_abs_force_d_over_r_3,predicted_abs_force,0.101404032545,N,docs/data/surface_jirs2024_effect_packet.csv,https://doi.org/10.5281/zenodo.11384638,wall_prediction,Distance-scale prediction from median absolute wall rows; use with the fit R2 and uncertainty fields.,wall,3,,,,,,absolute_wall_exponential,0.220878518217,0.2595,,,0.108606783394,,,,,,,,,DU2SRI,,,,,1.1100511642,0.0913507735637,,,,,
surface_jirs2024_curve_fit_bin,wall_DU2SRI_abs_moment_d_over_r_0.964567,abs_moment_p50,0.043864,N*m,docs/data/surface_jirs2024_effect_packet.csv,https://doi.org/10.5281/zenodo.11384638,wall_bin,Median absolute wall force/moment by normalized wall distance.,wall,0.964567,5,,,,,,,,,,,,,,,,,,,DU2SRI,0.043864,0.023427,0.0637026,0.068723,,,,,,,
surface_jirs2024_curve_fit_bin,wall_DU2SRI_abs_moment_d_over_r_1,abs_moment_p50,0.039655,N*m,docs/data/surface_jirs2024_effect_packet.csv,https://doi.org/10.5281/zenodo.11384638,wall_bin,Median absolute wall force/moment by normalized wall distance.,wall,1,10,,,,,,,,,,,,,,,,,,,DU2SRI,0.039655,0.013801,0.0498398,0.057839,,,,,,,
surface_jirs2024_curve_fit_bin,wall_DU2SRI_abs_moment_d_over_r_1.20567,abs_moment_p50,0.03543,N*m,docs/data/surface_jirs2024_effect_packet.csv,https://doi.org/10.5281/zenodo.11384638,wall_bin,Median absolute wall force/moment by normalized wall distance.,wall,1.205669,5,,,,,,,,,,,,,,,,,,,DU2SRI,0.03543,0.018854,0.0569208,0.064494,,,,,,,
surface_jirs2024_curve_fit_bin,wall_DU2SRI_abs_moment_d_over_r_1.25,abs_moment_p50,0.018182,N*m,docs/data/surface_jirs2024_effect_packet.csv,https://doi.org/10.5281/zenodo.11384638,wall_bin,Median absolute wall force/moment by normalized wall distance.,wall,1.25,5,,,,,,,,,,,,,,,,,,,DU2SRI,0.018182,0.011384,0.034931,0.041541,,,,,,,
surface_jirs2024_curve_fit_bin,wall_DU2SRI_abs_moment_d_over_r_1.25003,abs_moment_p50,0.063274,N*m,docs/data/surface_jirs2024_effect_packet.csv,https://doi.org/10.5281/zenodo.11384638,wall_bin,Median absolute wall force/moment by normalized wall distance.,wall,1.25003,5,,,,,,,,,,,,,,,,,,,DU2SRI,0.063274,0.038017,0.0770692,0.079828,,,,,,,
surface_jirs2024_curve_fit_bin,wall_DU2SRI_abs_moment_d_over_r_1.44685,abs_moment_p50,0.034394,N*m,docs/data/surface_jirs2024_effect_packet.csv,https://doi.org/10.5281/zenodo.11384638,wall_bin,Median absolute wall force/moment by normalized wall distance.,wall,1.44685,5,,,,,,,,,,,,,,,,,,,DU2SRI,0.034394,0.016659,0.056536,0.057116,,,,,,,
surface_jirs2024_curve_fit_bin,wall_DU2SRI_abs_moment_d_over_r_1.5,abs_moment_p50,0.0444895,N*m,docs/data/surface_jirs2024_effect_packet.csv,https://doi.org/10.5281/zenodo.11384638,wall_bin,Median absolute wall force/moment by normalized wall distance.,wall,1.5,10,,,,,,,,,,,,,,,,,,,DU2SRI,0.0444895,0.010949,0.0668936,0.080912,,,,,,,
surface_jirs2024_curve_fit_bin,wall_DU2SRI_abs_moment_d_over_r_1.68803,abs_moment_p50,0.029864,N*m,docs/data/surface_jirs2024_effect_packet.csv,https://doi.org/10.5281/zenodo.11384638,wall_bin,Median absolute wall force/moment by normalized wall distance.,wall,1.688031,5,,,,,,,,,,,,,,,,,,,DU2SRI,0.029864,0.014793,0.054777,0.056243,,,,,,,
surface_jirs2024_curve_fit_bin,wall_DU2SRI_abs_moment_d_over_r_1.75,abs_moment_p50,0.021568,N*m,docs/data/surface_jirs2024_effect_packet.csv,https://doi.org/10.5281/zenodo.11384638,wall_bin,Median absolute wall force/moment by normalized wall distance.,wall,1.75,5,,,,,,,,,,,,,,,,,,,DU2SRI,0.021568,0.011609,0.033092,0.033348,,,,,,,
surface_jirs2024_curve_fit_bin,wall_DU2SRI_abs_moment_d_over_r_1.75003,abs_moment_p50,0.057311,N*m,docs/data/surface_jirs2024_effect_packet.csv,https://doi.org/10.5281/zenodo.11384638,wall_bin,Median absolute wall force/moment by normalized wall distance.,wall,1.75003,5,,,,,,,,,,,,,,,,,,,DU2SRI,0.057311,0.041551,0.0654744,0.069588,,,,,,,
surface_jirs2024_curve_fit_bin,wall_DU2SRI_abs_moment_d_over_r_1.92913,abs_moment_p50,0.02815,N*m,docs/data/surface_jirs2024_effect_packet.csv,https://doi.org/10.5281/zenodo.11384638,wall_bin,Median absolute wall force/moment by normalized wall distance.,wall,1.929134,5,,,,,,,,,,,,,,,,,,,DU2SRI,0.02815,0.014451,0.0524412,0.052822,,,,,,,
surface_jirs2024_curve_fit_bin,wall_DU2SRI_abs_moment_d_over_r_2,abs_moment_p50,0.027322,N*m,docs/data/surface_jirs2024_effect_packet.csv,https://doi.org/10.5281/zenodo.11384638,wall_bin,Median absolute wall force/moment by normalized wall distance.,wall,2,10,,,,,,,,,,,,,,,,,,,DU2SRI,0.027322,0.012194,0.0390672,0.046368,,,,,,,
surface_jirs2024_curve_fit_bin,wall_DU2SRI_abs_moment_d_over_r_2.41142,abs_moment_p50,0.036401,N*m,docs/data/surface_jirs2024_effect_packet.csv,https://doi.org/10.5281/zenodo.11384638,wall_bin,Median absolute wall force/moment by normalized wall distance.,wall,2.411417,5,,,,,,,,,,,,,,,,,,,DU2SRI,0.036401,0.01068,0.0414158,0.044601,,,,,,,
surface_jirs2024_curve_fit_bin,wall_DU2SRI_abs_moment_d_over_r_2.5,abs_moment_p50,0.0188425,N*m,docs/data/surface_jirs2024_effect_packet.csv,https://doi.org/10.5281/zenodo.11384638,wall_bin,Median absolute wall force/moment by normalized wall distance.,wall,2.5,10,,,,,,,,,,,,,,,,,,,DU2SRI,0.0188425,0.0080631,0.0281414,0.032321,,,,,,,
surface_jirs2024_curve_fit_bin,wall_DU2SRI_abs_moment_d_over_r_2.8937,abs_moment_p50,0.017232,N*m,docs/data/surface_jirs2024_effect_packet.csv,https://doi.org/10.5281/zenodo.11384638,wall_bin,Median absolute wall force/moment by normalized wall distance.,wall,2.893701,5,,,,,,,,,,,,,,,,,,,DU2SRI,0.017232,0.0067866,0.0319486,0.038021,,,,,,,
surface_jirs2024_curve_fit_bin,wall_DU2SRI_abs_moment_d_over_r_3,abs_moment_p50,0.0155485,N*m,docs/data/surface_jirs2024_effect_packet.csv,https://doi.org/10.5281/zenodo.11384638,wall_bin,Median absolute wall force/moment by normalized wall distance.,wall,3,10,,,,,,,,,,,,,,,,,,,DU2SRI,0.0155485,0.0029047,0.0233608,0.029668,,,,,,,
surface_jirs2024_curve_fit_model,wall_DU2SRI_abs_moment_exp_fit,model_a,0.0637870480291,N*m,docs/data/surface_jirs2024_effect_packet.csv,https://doi.org/10.5281/zenodo.11384638,wall_fit,A parameter in abs(force_or_moment) = A * exp(-k * d/R).,wall,,,,,,,absolute_wall_exponential,0.0637870480291,0.37926,0.0114041697949,0.00846974316007,0.30404863138,16,,,,,,,,DU2SRI,,,,,,,,,,,
surface_jirs2024_curve_fit_model,wall_DU2SRI_abs_moment_exp_fit,model_k,0.37926,1/(d/R),docs/data/surface_jirs2024_effect_packet.csv,https://doi.org/10.5281/zenodo.11384638,wall_fit,k parameter in abs(force_or_moment) = A * exp(-k * d/R).,wall,,,,,,,absolute_wall_exponential,0.0637870480291,0.37926,0.0114041697949,0.00846974316007,0.30404863138,16,,,,,,,,DU2SRI,,,,,,,,,,,
surface_jirs2024_curve_fit_model,wall_DU2SRI_abs_moment_exp_fit,fit_r2,0.30404863138,R2,docs/data/surface_jirs2024_effect_packet.csv,https://doi.org/10.5281/zenodo.11384638,wall_fit,Goodness of fit over median d/R bins; low values mean use as a weak distance-scale cue only.,wall,,,,,,,absolute_wall_exponential,0.0637870480291,0.37926,0.0114041697949,0.00846974316007,0.30404863138,16,,,,,,,,DU2SRI,,,,,,,,,,,
surface_jirs2024_curve_fit_prediction,wall_DU2SRI_abs_moment_d_over_r_1,predicted_abs_moment,0.0436537924116,N*m,docs/data/surface_jirs2024_effect_packet.csv,https://doi.org/10.5281/zenodo.11384638,wall_prediction,Distance-scale prediction from median absolute wall rows; use with the fit R2 and uncertainty fields.,wall,1,,,,,,absolute_wall_exponential,0.0637870480291,0.37926,,,0.30404863138,,,,,,,,,DU2SRI,,,,,0.0560048097306,0.779465060619,,,,,
surface_jirs2024_curve_fit_prediction,wall_DU2SRI_abs_moment_d_over_r_1.5,predicted_abs_moment,0.0361132618013,N*m,docs/data/surface_jirs2024_effect_packet.csv,https://doi.org/10.5281/zenodo.11384638,wall_prediction,Distance-scale prediction from median absolute wall rows; use with the fit R2 and uncertainty fields.,wall,1.5,,,,,,absolute_wall_exponential,0.0637870480291,0.37926,,,0.30404863138,,,,,,,,,DU2SRI,,,,,0.0560048097306,0.644824292324,,,,,
surface_jirs2024_curve_fit_prediction,wall_DU2SRI_abs_moment_d_over_r_2,predicted_abs_moment,0.0298752434984,N*m,docs/data/surface_jirs2024_effect_packet.csv,https://doi.org/10.5281/zenodo.11384638,wall_prediction,Distance-scale prediction from median absolute wall rows; use with the fit R2 and uncertainty fields.,wall,2,,,,,,absolute_wall_exponential,0.0637870480291,0.37926,,,0.30404863138,,,,,,,,,DU2SRI,,,,,0.0560048097306,0.533440674866,,,,,
surface_jirs2024_curve_fit_prediction,wall_DU2SRI_abs_moment_d_over_r_3,predicted_abs_moment,0.020445650304,N*m,docs/data/surface_jirs2024_effect_packet.csv,https://doi.org/10.5281/zenodo.11384638,wall_prediction,Distance-scale prediction from median absolute wall rows; use with the fit R2 and uncertainty fields.,wall,3,,,,,,absolute_wall_exponential,0.0637870480291,0.37926,,,0.30404863138,,,,,,,,,DU2SRI,,,,,0.0560048097306,0.365069543176,,,,,
surface_jirs2024_curve_fit_bin,wall_all_abs_force_d_over_r_0.964567,abs_force_p50,0.17345,N,docs/data/surface_jirs2024_effect_packet.csv,https://doi.org/10.5281/zenodo.11384638,wall_bin,Median absolute wall force/moment by normalized wall distance.,wall,0.964567,9,,,,,,,,,,,,,,,,,,,all,-0.060693,0.025456,0.262894,0.33019,,,,,,,
surface_jirs2024_curve_fit_bin,wall_all_abs_force_d_over_r_1,abs_force_p50,0.113655,N,docs/data/surface_jirs2024_effect_packet.csv,https://doi.org/10.5281/zenodo.11384638,wall_bin,Median absolute wall force/moment by normalized wall distance.,wall,1,14,,,,,,,,,,,,,,,,,,,all,-0.0830805,0.025359,0.174157,0.21567,,,,,,,
surface_jirs2024_curve_fit_bin,wall_all_abs_force_d_over_r_1.20567,abs_force_p50,0.17051,N,docs/data/surface_jirs2024_effect_packet.csv,https://doi.org/10.5281/zenodo.11384638,wall_bin,Median absolute wall force/moment by normalized wall distance.,wall,1.205669,5,,,,,,,,,,,,,,,,,,,all,-0.17051,0.026411,0.220368,0.24966,,,,,,,
surface_jirs2024_curve_fit_bin,wall_all_abs_force_d_over_r_1.25,abs_force_p50,0.061631,N,docs/data/surface_jirs2024_effect_packet.csv,https://doi.org/10.5281/zenodo.11384638,wall_bin,Median absolute wall force/moment by normalized wall distance.,wall,1.25,5,,,,,,,,,,,,,,,,,,,all,-0.061631,0.038401,0.135202,0.15301,,,,,,,
surface_jirs2024_curve_fit_bin,wall_all_abs_force_d_over_r_1.25003,abs_force_p50,0.24225,N,docs/data/surface_jirs2024_effect_packet.csv,https://doi.org/10.5281/zenodo.11384638,wall_bin,Median absolute wall force/moment by normalized wall distance.,wall,1.25003,5,,,,,,,,,,,,,,,,,,,all,-0.24225,0.064748,0.365724,0.42172,,,,,,,
surface_jirs2024_curve_fit_bin,wall_all_abs_force_d_over_r_1.44685,abs_force_p50,0.10962,N,docs/data/surface_jirs2024_effect_packet.csv,https://doi.org/10.5281/zenodo.11384638,wall_bin,Median absolute wall force/moment by normalized wall distance.,wall,1.44685,9,,,,,,,,,,,,,,,,,,,all,-0.06709,0.0084853,0.25976,0.28008,,,,,,,
surface_jirs2024_curve_fit_bin,wall_all_abs_force_d_over_r_1.5,abs_force_p50,0.120035,N,docs/data/surface_jirs2024_effect_packet.csv,https://doi.org/10.5281/zenodo.11384638,wall_bin,Median absolute wall force/moment by normalized wall distance.,wall,1.5,14,,,,,,,,,,,,,,,,,,,all,-0.103235,0.026163,0.254211,0.27009,,,,,,,
surface_jirs2024_curve_fit_bin,wall_all_abs_force_d_over_r_1.68803,abs_force_p50,0.076645,N,docs/data/surface_jirs2024_effect_packet.csv,https://doi.org/10.5281/zenodo.11384638,wall_bin,Median absolute wall force/moment by normalized wall distance.,wall,1.688031,5,,,,,,,,,,,,,,,,,,,all,-0.076645,0.046497,0.32595,0.33399,,,,,,,
surface_jirs2024_curve_fit_bin,wall_all_abs_force_d_over_r_1.75,abs_force_p50,0.09864,N,docs/data/surface_jirs2024_effect_packet.csv,https://doi.org/10.5281/zenodo.11384638,wall_bin,Median absolute wall force/moment by normalized wall distance.,wall,1.75,5,,,,,,,,,,,,,,,,,,,all,-0.09864,0.027532,0.150978,0.15883,,,,,,,
surface_jirs2024_curve_fit_bin,wall_all_abs_force_d_over_r_1.75003,abs_force_p50,0.29791,N,docs/data/surface_jirs2024_effect_packet.csv,https://doi.org/10.5281/zenodo.11384638,wall_bin,Median absolute wall force/moment by normalized wall distance.,wall,1.75003,5,,,,,,,,,,,,,,,,,,,all,-0.29791,0.1283,0.418406,0.42777,,,,,,,
surface_jirs2024_curve_fit_bin,wall_all_abs_force_d_over_r_1.92913,abs_force_p50,0.1322,N,docs/data/surface_jirs2024_effect_packet.csv,https://doi.org/10.5281/zenodo.11384638,wall_bin,Median absolute wall force/moment by normalized wall distance.,wall,1.929134,9,,,,,,,,,,,,,,,,,,,all,-0.1322,0.025809,0.22644,0.30712,,,,,,,
surface_jirs2024_curve_fit_bin,wall_all_abs_force_d_over_r_2,abs_force_p50,0.106328,N,docs/data/surface_jirs2024_effect_packet.csv,https://doi.org/10.5281/zenodo.11384638,wall_bin,Median absolute wall force/moment by normalized wall distance.,wall,2,14,,,,,,,,,,,,,,,,,,,all,-0.0958705,0.0088388,0.286531,0.29882,,,,,,,
surface_jirs2024_curve_fit_bin,wall_all_abs_force_d_over_r_2.41142,abs_force_p50,0.060104,N,docs/data/surface_jirs2024_effect_packet.csv,https://doi.org/10.5281/zenodo.11384638,wall_bin,Median absolute wall force/moment by normalized wall distance.,wall,2.411417,9,,,,,,,,,,,,,,,,,,,all,-0.022617,0.0081317,0.134474,0.16165,,,,,,,
surface_jirs2024_curve_fit_bin,wall_all_abs_force_d_over_r_2.5,abs_force_p50,0.065451,N,docs/data/surface_jirs2024_effect_packet.csv,https://doi.org/10.5281/zenodo.11384638,wall_bin,Median absolute wall force/moment by normalized wall distance.,wall,2.5,14,,,,,,,,,,,,,,,,,,,all,0.0230875,0.0011652,0.180892,0.24494,,,,,,,
surface_jirs2024_curve_fit_bin,wall_all_abs_force_d_over_r_2.8937,abs_force_p50,0.06336,N,docs/data/surface_jirs2024_effect_packet.csv,https://doi.org/10.5281/zenodo.11384638,wall_bin,Median absolute wall force/moment by normalized wall distance.,wall,2.893701,9,,,,,,,,,,,,,,,,,,,all,-0.036226,0.012374,0.213656,0.3208,,,,,,,
surface_jirs2024_curve_fit_bin,wall_all_abs_force_d_over_r_3,abs_force_p50,0.0430445,N,docs/data/surface_jirs2024_effect_packet.csv,https://doi.org/10.5281/zenodo.11384638,wall_bin,Median absolute wall force/moment by normalized wall distance.,wall,3,14,,,,,,,,,,,,,,,,,,,all,0.025762,0.0038891,0.1467064,0.2421,,,,,,,
surface_jirs2024_curve_fit_model,wall_all_abs_force_exp_fit,model_a,0.256746655575,N,docs/data/surface_jirs2024_effect_packet.csv,https://doi.org/10.5281/zenodo.11384638,wall_fit,A parameter in abs(force_or_moment) = A * exp(-k * d/R).,wall,,,,,,,absolute_wall_exponential,0.256746655575,0.43914,0.0598206201768,0.0404602325662,0.225341535255,16,,,,,,,,all,,,,,,,,,,,
surface_jirs2024_curve_fit_model,wall_all_abs_force_exp_fit,model_k,0.43914,1/(d/R),docs/data/surface_jirs2024_effect_packet.csv,https://doi.org/10.5281/zenodo.11384638,wall_fit,k parameter in abs(force_or_moment) = A * exp(-k * d/R).,wall,,,,,,,absolute_wall_exponential,0.256746655575,0.43914,0.0598206201768,0.0404602325662,0.225341535255,16,,,,,,,,all,,,,,,,,,,,
surface_jirs2024_curve_fit_model,wall_all_abs_force_exp_fit,fit_r2,0.225341535255,R2,docs/data/surface_jirs2024_effect_packet.csv,https://doi.org/10.5281/zenodo.11384638,wall_fit,Goodness of fit over median d/R bins; low values mean use as a weak distance-scale cue only.,wall,,,,,,,absolute_wall_exponential,0.256746655575,0.43914,0.0598206201768,0.0404602325662,0.225341535255,16,,,,,,,,all,,,,,,,,,,,
surface_jirs2024_curve_fit_prediction,wall_all_abs_force_d_over_r_1,predicted_abs_force,0.165496462956,N,docs/data/surface_jirs2024_effect_packet.csv,https://doi.org/10.5281/zenodo.11384638,wall_prediction,Distance-scale prediction from median absolute wall rows; use with the fit R2 and uncertainty fields.,wall,1,,,,,,absolute_wall_exponential,0.256746655575,0.43914,,,0.225341535255,,,,,,,,,all,,,,,,,,,,,
surface_jirs2024_curve_fit_prediction,wall_all_abs_force_d_over_r_1.5,predicted_abs_force,0.132871144829,N,docs/data/surface_jirs2024_effect_packet.csv,https://doi.org/10.5281/zenodo.11384638,wall_prediction,Distance-scale prediction from median absolute wall rows; use with the fit R2 and uncertainty fields.,wall,1.5,,,,,,absolute_wall_exponential,0.256746655575,0.43914,,,0.225341535255,,,,,,,,,all,,,,,,,,,,,
surface_jirs2024_curve_fit_prediction,wall_all_abs_force_d_over_r_2,predicted_abs_force,0.106677452876,N,docs/data/surface_jirs2024_effect_packet.csv,https://doi.org/10.5281/zenodo.11384638,wall_prediction,Distance-scale prediction from median absolute wall rows; use with the fit R2 and uncertainty fields.,wall,2,,,,,,absolute_wall_exponential,0.256746655575,0.43914,,,0.225341535255,,,,,,,,,all,,,,,,,,,,,
surface_jirs2024_curve_fit_prediction,wall_all_abs_force_d_over_r_3,predicted_abs_force,0.0687632759563,N,docs/data/surface_jirs2024_effect_packet.csv,https://doi.org/10.5281/zenodo.11384638,wall_prediction,Distance-scale prediction from median absolute wall rows; use with the fit R2 and uncertainty fields.,wall,3,,,,,,absolute_wall_exponential,0.256746655575,0.43914,,,0.225341535255,,,,,,,,,all,,,,,,,,,,,
surface_jirs2024_curve_fit_bin,wall_all_abs_moment_d_over_r_0.964567,abs_moment_p50,0.043864,N*m,docs/data/surface_jirs2024_effect_packet.csv,https://doi.org/10.5281/zenodo.11384638,wall_bin,Median absolute wall force/moment by normalized wall distance.,wall,0.964567,9,,,,,,,,,,,,,,,,,,,all,0.043864,0.0051972,0.0694812,0.072514,,,,,,,
surface_jirs2024_curve_fit_bin,wall_all_abs_moment_d_over_r_1,abs_moment_p50,0.040194,N*m,docs/data/surface_jirs2024_effect_packet.csv,https://doi.org/10.5281/zenodo.11384638,wall_bin,Median absolute wall force/moment by normalized wall distance.,wall,1,14,,,,,,,,,,,,,,,,,,,all,0.040194,0.013801,0.0847918,0.11947,,,,,,,
surface_jirs2024_curve_fit_bin,wall_all_abs_moment_d_over_r_1.20567,abs_moment_p50,0.03543,N*m,docs/data/surface_jirs2024_effect_packet.csv,https://doi.org/10.5281/zenodo.11384638,wall_bin,Median absolute wall force/moment by normalized wall distance.,wall,1.205669,5,,,,,,,,,,,,,,,,,,,all,0.03543,0.018854,0.0569208,0.064494,,,,,,,
surface_jirs2024_curve_fit_bin,wall_all_abs_moment_d_over_r_1.25,abs_moment_p50,0.018182,N*m,docs/data/surface_jirs2024_effect_packet.csv,https://doi.org/10.5281/zenodo.11384638,wall_bin,Median absolute wall force/moment by normalized wall distance.,wall,1.25,5,,,,,,,,,,,,,,,,,,,all,0.018182,0.011384,0.034931,0.041541,,,,,,,
surface_jirs2024_curve_fit_bin,wall_all_abs_moment_d_over_r_1.25003,abs_moment_p50,0.063274,N*m,docs/data/surface_jirs2024_effect_packet.csv,https://doi.org/10.5281/zenodo.11384638,wall_bin,Median absolute wall force/moment by normalized wall distance.,wall,1.25003,5,,,,,,,,,,,,,,,,,,,all,0.063274,0.038017,0.0770692,0.079828,,,,,,,
surface_jirs2024_curve_fit_bin,wall_all_abs_moment_d_over_r_1.44685,abs_moment_p50,0.016659,N*m,docs/data/surface_jirs2024_effect_packet.csv,https://doi.org/10.5281/zenodo.11384638,wall_bin,Median absolute wall force/moment by normalized wall distance.,wall,1.44685,9,,,,,,,,,,,,,,,,,,,all,0.016659,0.0030759,0.055956,0.057116,,,,,,,
surface_jirs2024_curve_fit_bin,wall_all_abs_moment_d_over_r_1.5,abs_moment_p50,0.0444895,N*m,docs/data/surface_jirs2024_effect_packet.csv,https://doi.org/10.5281/zenodo.11384638,wall_bin,Median absolute wall force/moment by normalized wall distance.,wall,1.5,14,,,,,,,,,,,,,,,,,,,all,0.0444895,0.010949,0.0762392,0.10218,,,,,,,
surface_jirs2024_curve_fit_bin,wall_all_abs_moment_d_over_r_1.68803,abs_moment_p50,0.029864,N*m,docs/data/surface_jirs2024_effect_packet.csv,https://doi.org/10.5281/zenodo.11384638,wall_bin,Median absolute wall force/moment by normalized wall distance.,wall,1.688031,5,,,,,,,,,,,,,,,,,,,all,0.029864,0.014793,0.054777,0.056243,,,,,,,
surface_jirs2024_curve_fit_bin,wall_all_abs_moment_d_over_r_1.75,abs_moment_p50,0.021568,N*m,docs/data/surface_jirs2024_effect_packet.csv,https://doi.org/10.5281/zenodo.11384638,wall_bin,Median absolute wall force/moment by normalized wall distance.,wall,1.75,5,,,,,,,,,,,,,,,,,,,all,0.021568,0.011609,0.033092,0.033348,,,,,,,
surface_jirs2024_curve_fit_bin,wall_all_abs_moment_d_over_r_1.75003,abs_moment_p50,0.057311,N*m,docs/data/surface_jirs2024_effect_packet.csv,https://doi.org/10.5281/zenodo.11384638,wall_bin,Median absolute wall force/moment by normalized wall distance.,wall,1.75003,5,,,,,,,,,,,,,,,,,,,all,0.057311,0.041551,0.0654744,0.069588,,,,,,,
surface_jirs2024_curve_fit_bin,wall_all_abs_moment_d_over_r_1.92913,abs_moment_p50,0.02815,N*m,docs/data/surface_jirs2024_effect_packet.csv,https://doi.org/10.5281/zenodo.11384638,wall_bin,Median absolute wall force/moment by normalized wall distance.,wall,1.929134,9,,,,,,,,,,,,,,,,,,,all,0.014451,0.003783,0.0520604,0.052822,,,,,,,
surface_jirs2024_curve_fit_bin,wall_all_abs_moment_d_over_r_2,abs_moment_p50,0.0225245,N*m,docs/data/surface_jirs2024_effect_packet.csv,https://doi.org/10.5281/zenodo.11384638,wall_bin,Median absolute wall force/moment by normalized wall distance.,wall,2,14,,,,,,,,,,,,,,,,,,,all,0.0225245,0.0090156,0.0382251,0.046368,,,,,,,
surface_jirs2024_curve_fit_bin,wall_all_abs_moment_d_over_r_2.41142,abs_moment_p50,0.030688,N*m,docs/data/surface_jirs2024_effect_packet.csv,https://doi.org/10.5281/zenodo.11384638,wall_bin,Median absolute wall force/moment by normalized wall distance.,wall,2.411417,9,,,,,,,,,,,,,,,,,,,all,0.01068,0.0035355,0.042861,0.044601,,,,,,,
surface_jirs2024_curve_fit_bin,wall_all_abs_moment_d_over_r_2.5,abs_moment_p50,0.0162645,N*m,docs/data/surface_jirs2024_effect_packet.csv,https://doi.org/10.5281/zenodo.11384638,wall_bin,Median absolute wall force/moment by normalized wall distance.,wall,2.5,14,,,,,,,,,,,,,,,,,,,all,0.0162645,0.0055508,0.0263699,0.032321,,,,,,,
surface_jirs2024_curve_fit_bin,wall_all_abs_moment_d_over_r_2.8937,abs_moment_p50,0.02284,N*m,docs/data/surface_jirs2024_effect_packet.csv,https://doi.org/10.5281/zenodo.11384638,wall_bin,Median absolute wall force/moment by normalized wall distance.,wall,2.893701,9,,,,,,,,,,,,,,,,,,,all,0.0067866,0.0034648,0.0495048,0.0542,,,,,,,
surface_jirs2024_curve_fit_bin,wall_all_abs_moment_d_over_r_3,abs_moment_p50,0.0124585,N*m,docs/data/surface_jirs2024_effect_packet.csv,https://doi.org/10.5281/zenodo.11384638,wall_bin,Median absolute wall force/moment by normalized wall distance.,wall,3,14,,,,,,,,,,,,,,,,,,,all,0.0096573,3.5355e-05,0.0221623,0.029668,,,,,,,
surface_jirs2024_curve_fit_model,wall_all_abs_moment_exp_fit,model_a,0.0634541447348,N*m,docs/data/surface_jirs2024_effect_packet.csv,https://doi.org/10.5281/zenodo.11384638,wall_fit,A parameter in abs(force_or_moment) = A * exp(-k * d/R).,wall,,,,,,,absolute_wall_exponential,0.0634541447348,0.4092,0.0123664078521,0.00918738698397,0.269488182477,16,,,,,,,,all,,,,,,,,,,,
surface_jirs2024_curve_fit_model,wall_all_abs_moment_exp_fit,model_k,0.4092,1/(d/R),docs/data/surface_jirs2024_effect_packet.csv,https://doi.org/10.5281/zenodo.11384638,wall_fit,k parameter in abs(force_or_moment) = A * exp(-k * d/R).,wall,,,,,,,absolute_wall_exponential,0.0634541447348,0.4092,0.0123664078521,0.00918738698397,0.269488182477,16,,,,,,,,all,,,,,,,,,,,
surface_jirs2024_curve_fit_model,wall_all_abs_moment_exp_fit,fit_r2,0.269488182477,R2,docs/data/surface_jirs2024_effect_packet.csv,https://doi.org/10.5281/zenodo.11384638,wall_fit,Goodness of fit over median d/R bins; low values mean use as a weak distance-scale cue only.,wall,,,,,,,absolute_wall_exponential,0.0634541447348,0.4092,0.0123664078521,0.00918738698397,0.269488182477,16,,,,,,,,all,,,,,,,,,,,
surface_jirs2024_curve_fit_prediction,wall_all_abs_moment_d_over_r_1,predicted_abs_moment,0.0421450615919,N*m,docs/data/surface_jirs2024_effect_packet.csv,https://doi.org/10.5281/zenodo.11384638,wall_prediction,Distance-scale prediction from median absolute wall rows; use with the fit R2 and uncertainty fields.,wall,1,,,,,,absolute_wall_exponential,0.0634541447348,0.4092,,,0.269488182477,,,,,,,,,all,,,,,,,,,,,
surface_jirs2024_curve_fit_prediction,wall_all_abs_moment_d_over_r_1.5,predicted_abs_moment,0.0343470974174,N*m,docs/data/surface_jirs2024_effect_packet.csv,https://doi.org/10.5281/zenodo.11384638,wall_prediction,Distance-scale prediction from median absolute wall rows; use with the fit R2 and uncertainty fields.,wall,1.5,,,,,,absolute_wall_exponential,0.0634541447348,0.4092,,,0.269488182477,,,,,,,,,all,,,,,,,,,,,
surface_jirs2024_curve_fit_prediction,wall_all_abs_moment_d_over_r_2,predicted_abs_moment,0.0279919652846,N*m,docs/data/surface_jirs2024_effect_packet.csv,https://doi.org/10.5281/zenodo.11384638,wall_prediction,Distance-scale prediction from median absolute wall rows; use with the fit R2 and uncertainty fields.,wall,2,,,,,,absolute_wall_exponential,0.0634541447348,0.4092,,,0.269488182477,,,,,,,,,all,,,,,,,,,,,
surface_jirs2024_curve_fit_prediction,wall_all_abs_moment_d_over_r_3,predicted_abs_moment,0.018591742209,N*m,docs/data/surface_jirs2024_effect_packet.csv,https://doi.org/10.5281/zenodo.11384638,wall_prediction,Distance-scale prediction from median absolute wall rows; use with the fit R2 and uncertainty fields.,wall,3,,,,,,absolute_wall_exponential,0.0634541447348,0.4092,,,0.269488182477,,,,,,,,,all,,,,,,,,,,,
surface_jirs2024_curve_fit_uncertainty,WallEffect_du.mat_Fhtal,source_uncertainty_p50,1.1100511642,N,docs/data/surface_jirs2024_effect_packet.csv,https://doi.org/10.5281/zenodo.11384638,wall_uncertainty,Direct p50 uncertainty parsed from the source MAT uncertainty arrays.,wall,,,,,,,,,,,,,,,,,,,,,DU2SRI,,,,,,,,,,,
surface_jirs2024_curve_fit_uncertainty,WallEffect_du.mat_Fz,source_uncertainty_p50,3.34000416232,N*m,docs/data/surface_jirs2024_effect_packet.csv,https://doi.org/10.5281/zenodo.11384638,wall_uncertainty,Direct p50 uncertainty parsed from the source MAT uncertainty arrays.,wall,,,,,,,,,,,,,,,,,,,,,DU2SRI,,,,,,,,,,,
surface_jirs2024_curve_fit_uncertainty,WallEffect_du.mat_Mhtal,source_uncertainty_p50,0.0560048097306,N*m,docs/data/surface_jirs2024_effect_packet.csv,https://doi.org/10.5281/zenodo.11384638,wall_uncertainty,Direct p50 uncertainty parsed from the source MAT uncertainty arrays.,wall,,,,,,,,,,,,,,,,,,,,,DU2SRI,,,,,,,,,,,
surface_jirs2024_curve_fit_uncertainty,WallEffect_txc.mat_Fhtal,source_uncertainty_p50,0.0389109547857,N,docs/data/surface_jirs2024_effect_packet.csv,https://doi.org/10.5281/zenodo.11384638,wall_uncertainty,Direct p50 uncertainty parsed from the source MAT uncertainty arrays.,wall,,,,,,,,,,,,,,,,,,,,,txc,,,,,,,,,,,
surface_jirs2024_curve_fit_uncertainty,WallEffect_txc.mat_Fz,source_uncertainty_p50,0.0856107875597,N*m,docs/data/surface_jirs2024_effect_packet.csv,https://doi.org/10.5281/zenodo.11384638,wall_uncertainty,Direct p50 uncertainty parsed from the source MAT uncertainty arrays.,wall,,,,,,,,,,,,,,,,,,,,,txc,,,,,,,,,,,
surface_jirs2024_curve_fit_uncertainty,WallEffect_txc.mat_Mhtal,source_uncertainty_p50,0.00687397096237,N*m,docs/data/surface_jirs2024_effect_packet.csv,https://doi.org/10.5281/zenodo.11384638,wall_uncertainty,Direct p50 uncertainty parsed from the source MAT uncertainty arrays.,wall,,,,,,,,,,,,,,,,,,,,,txc,,,,,,,,,,,
surface_jirs2024_curve_fit_runtime_compare,racingQuad_wall_d_over_r_1,two_affected_rotors_force_over_jirs_all_fit,1.34555067338,ratio,docs/data/surface_obstruction_geometry_reference.csv,https://doi.org/10.5281/zenodo.11384638,runtime_comparison,Current two-affected-rotor wall-force proxy compared with pooled JIRS absolute wall-force fit; geometry is not one-to-one.,wall,1,,,,,,,,,,,,,,0.222683877172,0.165496462956,,,,,all,,,,,,,0.111341938586,0.672775336688,0.0206431236292,0.994221228114,0.225341535255
surface_jirs2024_curve_fit_runtime_compare,racingQuad_wall_d_over_r_2,two_affected_rotors_force_over_jirs_all_fit,0.97197317389,ratio,docs/data/surface_obstruction_geometry_reference.csv,https://doi.org/10.5281/zenodo.11384638,runtime_comparison,Current two-affected-rotor wall-force proxy compared with pooled JIRS absolute wall-force fit; geometry is not one-to-one.,wall,2,,,,,,,,,,,,,,0.103687622454,0.106677452876,,,,,all,,,,,,,0.0518438112271,0.485986586945,0.00961199542743,0.996952664466,0.225341535255
surface_jirs2024_curve_fit_runtime_compare,racingQuad_wall_d_over_r_3,two_affected_rotors_force_over_jirs_all_fit,0.65667969358,ratio,docs/data/surface_obstruction_geometry_reference.csv,https://doi.org/10.5281/zenodo.11384638,runtime_comparison,Current two-affected-rotor wall-force proxy compared with pooled JIRS absolute wall-force fit; geometry is not one-to-one.,wall,3,,,,,,,,,,,,,,0.0451554469846,0.0687632759563,,,,,all,,,,,,,0.0225777234923,0.32833984679,0.0041859764904,0.998641551853,0.225341535255
surface_jirs2024_curve_fit_summary,jirs2024_curve_fit_summary,ground_fit_hR1_multiplier,1.08564011159,multiplier,docs/data/surface_jirs2024_curve_fit_packet.csv,https://doi.org/10.5281/zenodo.11384638,compact_surface_fit_handoff,JIRS ground-effect fitted multiplier at h/R=1.,,,,,,,,,,,,,,,,,,,,,,,,,,,,,,,,,
surface_jirs2024_curve_fit_summary,jirs2024_curve_fit_summary,ceiling_fit_hR1_multiplier,1.09608177559,multiplier,docs/data/surface_jirs2024_curve_fit_packet.csv,https://doi.org/10.5281/zenodo.11384638,compact_surface_fit_handoff,JIRS ceiling-effect fitted multiplier at h/R=1.,,,,,,,,,,,,,,,,,,,,,,,,,,,,,,,,,
surface_jirs2024_curve_fit_summary,jirs2024_curve_fit_summary,racingQuad_ground_hR1_current_over_jirs_fit,1.05367894276,ratio,docs/data/surface_jirs2024_curve_fit_packet.csv,https://doi.org/10.5281/zenodo.11384638,compact_surface_fit_handoff,Current racingQuad ground multiplier divided by the JIRS h/R=1 fitted multiplier.,,,,,,,,,,,,,,,,,,,,,,,,,,,,,,,,,
surface_jirs2024_curve_fit_summary,jirs2024_curve_fit_summary,racingQuad_ceiling_hR1_current_over_jirs_fit,1.01553348007,ratio,docs/data/surface_jirs2024_curve_fit_packet.csv,https://doi.org/10.5281/zenodo.11384638,compact_surface_fit_handoff,Current racingQuad ceiling multiplier divided by the JIRS h/R=1 fitted multiplier.,,,,,,,,,,,,,,,,,,,,,,,,,,,,,,,,,
surface_jirs2024_curve_fit_summary,jirs2024_curve_fit_summary,wall_all_abs_force_fit_dR1,0.165496462956,N,docs/data/surface_jirs2024_curve_fit_packet.csv,https://doi.org/10.5281/zenodo.11384638,compact_surface_fit_handoff,Pooled JIRS absolute wall-force fit at d/R=1.,,,,,,,,,,,,,,,,,,,,,,,,,,,,,,,,,
surface_jirs2024_curve_fit_summary,jirs2024_curve_fit_summary,wall_all_abs_force_fit_r2,0.225341535255,R2,docs/data/surface_jirs2024_curve_fit_packet.csv,https://doi.org/10.5281/zenodo.11384638,compact_surface_fit_handoff,Pooled wall-force fit quality; low R2 means this is only a weak distance-scale cue.,,,,,,,,,,,,,,,,,,,,,,,,,,,,,,,,,
surface_jirs2024_curve_fit_summary,jirs2024_curve_fit_summary,racingQuad_wall_dR1_two_force_over_jirs_all_fit,1.34555067338,ratio,docs/data/surface_jirs2024_curve_fit_packet.csv,https://doi.org/10.5281/zenodo.11384638,compact_surface_fit_handoff,Current two-affected-rotor wall force divided by pooled JIRS d/R=1 force fit.,,,,,,,,,,,,,,,,,,,,,,,,,,,,,,,,,
surface_jirs2024_curve_fit_method,handoff_guidance,recommended_use,Use ground/ceiling fits as conservative thrust-multiplier targets; use wall fits as attraction/moment distance-scale evidence with facility-aware uncertainty. Do not map wall force directly to clean vehicle-wide thrust loss without a separate obstruction or recirculation assumption.,text,docs/data/surface_jirs2024_curve_fit_packet.csv,https://doi.org/10.5281/zenodo.11384638,handoff_guidance,The pooled wall force fit has weak explanatory power; terraXcube force is cleaner than DU2SRI force in this packet.,,,,,,,,,,,,,,,,,,,,,,,,,,,,,,,,,
