row_type,source,source_url,preset,clearance_over_r,clearance_m,scan_distance_m,scan_distance_over_r,disk_segment_blocked_fraction,current_runtime_obstruction,current_offline_wall_skim_obstruction,current_offline_wall_skim_geometric_obstruction,current_offline_wall_skim_local_obstacle_residual,current_offline_wall_skim_residual_obstruction,current_offline_wall_skim_a4mc_shelter_obstruction,current_offline_wall_skim_a4mc_pressure_disk_gradient_mps,current_runtime_thrust_multiplier_per_affected_rotor,current_offline_wall_skim_thrust_multiplier_per_affected_rotor,two_affected_rotors_vehicle_thrust_multiplier,four_affected_rotors_vehicle_thrust_multiplier,wall_force_per_affected_rotor_n,two_affected_rotors_wall_force_n,two_affected_rotors_wall_force_over_weight,hover_thrust_per_rotor_n,hover_spin_ratio,published_metric,published_value,published_units,note
published_wall_effect_anchor,Carter/Bouchard/Quinn AIAA 2020 Crazyflie sidewall,https://par.nsf.gov/servlets/purl/10267925,,,,,,,,,,,,,,,,,,,,,,,sidewall_total_lift_change,<5,percent,Crazyflie sidewall lift decreases slightly; sidewall effect is much smaller than ground/ceiling effect.
published_wall_effect_anchor,Carter/Bouchard/Quinn AIAA 2020 Crazyflie sidewall,https://par.nsf.gov/servlets/purl/10267925,,<0.3,,,,,,,,,,,,,,,,,,,,,noticeable_sidewall_lift_change_threshold,>2,percent absolute lift change,The paper says |Delta L| exceeds about 2% only for z/R < 0.3.
published_wall_effect_anchor,Carter/Bouchard/Quinn AIAA 2020 Crazyflie sidewall,https://par.nsf.gov/servlets/purl/10267925,,,,,,,,,,,,,,,,,,,,,,,differential_lift_near_wall,0.03,L_infinity,Differential rotor lift close to the wall can drive roll torque even when total lift change is small.
published_wall_effect_anchor,Carter/Bouchard/Quinn AIAA 2020 Crazyflie sidewall,https://par.nsf.gov/servlets/purl/10267925,,,,,,,,,,,,,,,,,,,,,,,estimated_roll_torque,0.2,N mm,Crazyflie estimate; not a direct 5-inch FPV force target.
published_wall_effect_anchor,JIRS 2024 pressure-controlled quadcopter wall tests,https://link.springer.com/article/10.1007/s10846-024-02155-7,,"1,1.5,2,2.5,3,~10",,,,,,,,,,,,,,,,,,,,,tested_wall_distances,1..10,D/R,Paper tests wall effect distances normalized by propeller radius and treats D > 10R as negligible wall effect.
published_wall_effect_anchor,JIRS 2024 pressure-controlled quadcopter wall tests,https://link.springer.com/article/10.1007/s10846-024-02155-7,,,,,,,,,,,,,,,,,,,,,,,terraXcube_wall_force_coefficient_range,0..0.01,cF,"Force coefficients rose as wall distance decreased, but values stayed small and uncertainty was important."
published_wall_effect_anchor,JIRS 2024 pressure-controlled quadcopter wall tests,https://link.springer.com/article/10.1007/s10846-024-02155-7,,,,,,,,,,,,,,,,,,,,,,,terraXcube_wall_torque_coefficient_max,0.018,cQ,Reported for the n_infinity=4000 RPM case with 12x5 propellers.
published_wall_effect_anchor,JIRS 2024 pressure-controlled quadcopter wall tests,https://link.springer.com/article/10.1007/s10846-024-02155-7,,,,,,,,,,,,,,,,,,,,,,,cfd_reference_force_at_1p2R,0.098,N,The paper quotes a 15x5.5 quadrotor CFD reference force at 1.2R from the wall.
published_wall_effect_anchor,JIRS 2024 pressure-controlled quadcopter wall tests,https://link.springer.com/article/10.1007/s10846-024-02155-7,,,,,,,,,,,,,,,,,,,,,,,cfd_reference_torque_at_1p2R,0.075,N m,The same quoted CFD reference torque has high relative uncertainty for small force/torque sensors.
published_wall_effect_anchor,JIRS 2024 pressure-controlled quadcopter wall tests,https://link.springer.com/article/10.1007/s10846-024-02155-7,,,,,,,,,,,,,,,,,,,,,,,total_thrust_wall_effect,negligible,qualitative,"The paper concludes wall proximity has negligible impact on total thrust, while force/moment toward the wall grows near the wall."
ideal_flat_wall_disk_overlap,circle-segment geometry,,,0.0,,,,0.5,,,,,,,,,,,,,,,,,,,,Geometric disk area cut by a planar wall. At d/R=1 the disk is tangent and overlap is zero; at d/R=0 the wall passes through the disk center and overlap is 0.5.
ideal_flat_wall_disk_overlap,circle-segment geometry,,,0.1,,,,0.4364442857847691,,,,,,,,,,,,,,,,,,,,Geometric disk area cut by a planar wall. At d/R=1 the disk is tangent and overlap is zero; at d/R=0 the wall passes through the disk center and overlap is 0.5.
ideal_flat_wall_disk_overlap,circle-segment geometry,,,0.2,,,,0.373530039052331,,,,,,,,,,,,,,,,,,,,Geometric disk area cut by a planar wall. At d/R=1 the disk is tangent and overlap is zero; at d/R=0 the wall passes through the disk center and overlap is 0.5.
ideal_flat_wall_disk_overlap,circle-segment geometry,,,0.25,,,,0.34251882123714633,,,,,,,,,,,,,,,,,,,,Geometric disk area cut by a planar wall. At d/R=1 the disk is tangent and overlap is zero; at d/R=0 the wall passes through the disk center and overlap is 0.5.
ideal_flat_wall_disk_overlap,circle-segment geometry,,,0.3,,,,0.3119188323905365,,,,,,,,,,,,,,,,,,,,Geometric disk area cut by a planar wall. At d/R=1 the disk is tangent and overlap is zero; at d/R=0 the wall passes through the disk center and overlap is 0.5.
ideal_flat_wall_disk_overlap,circle-segment geometry,,,0.5,,,,0.19550110947788538,,,,,,,,,,,,,,,,,,,,Geometric disk area cut by a planar wall. At d/R=1 the disk is tangent and overlap is zero; at d/R=0 the wall passes through the disk center and overlap is 0.5.
ideal_flat_wall_disk_overlap,circle-segment geometry,,,0.75,,,,0.07214680640719374,,,,,,,,,,,,,,,,,,,,Geometric disk area cut by a planar wall. At d/R=1 the disk is tangent and overlap is zero; at d/R=0 the wall passes through the disk center and overlap is 0.5.
ideal_flat_wall_disk_overlap,circle-segment geometry,,,1.0,,,,0.0,,,,,,,,,,,,,,,,,,,,Geometric disk area cut by a planar wall. At d/R=1 the disk is tangent and overlap is zero; at d/R=0 the wall passes through the disk center and overlap is 0.5.
ideal_flat_wall_disk_overlap,circle-segment geometry,,,1.5,,,,0.0,,,,,,,,,,,,,,,,,,,,Geometric disk area cut by a planar wall. At d/R=1 the disk is tangent and overlap is zero; at d/R=0 the wall passes through the disk center and overlap is 0.5.
ideal_flat_wall_disk_overlap,circle-segment geometry,,,2.0,,,,0.0,,,,,,,,,,,,,,,,,,,,Geometric disk area cut by a planar wall. At d/R=1 the disk is tangent and overlap is zero; at d/R=0 the wall passes through the disk center and overlap is 0.5.
ideal_flat_wall_disk_overlap,circle-segment geometry,,,3.0,,,,0.0,,,,,,,,,,,,,,,,,,,,Geometric disk area cut by a planar wall. At d/R=1 the disk is tangent and overlap is zero; at d/R=0 the wall passes through the disk center and overlap is 0.5.
ideal_flat_wall_disk_overlap,circle-segment geometry,,,4.0,,,,0.0,,,,,,,,,,,,,,,,,,,,Geometric disk area cut by a planar wall. At d/R=1 the disk is tangent and overlap is zero; at d/R=0 the wall passes through the disk center and overlap is 0.5.
ideal_flat_wall_disk_overlap,circle-segment geometry,,,6.0,,,,0.0,,,,,,,,,,,,,,,,,,,,Geometric disk area cut by a planar wall. At d/R=1 the disk is tangent and overlap is zero; at d/R=0 the wall passes through the disk center and overlap is 0.5.
ideal_flat_wall_disk_overlap,circle-segment geometry,,,8.0,,,,0.0,,,,,,,,,,,,,,,,,,,,Geometric disk area cut by a planar wall. At d/R=1 the disk is tangent and overlap is zero; at d/R=0 the wall passes through the disk center and overlap is 0.5.
ideal_flat_wall_disk_overlap,circle-segment geometry,,,10.0,,,,0.0,,,,,,,,,,,,,,,,,,,,Geometric disk area cut by a planar wall. At d/R=1 the disk is tangent and overlap is zero; at d/R=0 the wall passes through the disk center and overlap is 0.5.
current_flat_wall_runtime_mapping,current Java formulas,drone-sim-core/src/main/java/com/tenicana/dronecraft/sim/RotorFlowObstructionModel.java; fabric-mod/src/main/java/com/tenicana/dronecraft/entity/DroneEntity.java; drone-sim-core/src/main/java/com/tenicana/dronecraft/sim/DronePhysics.java,racingQuad,0.0,0.0,0.3724,5.864566929133859,0.5,0.8058823529411764,0.5747,0.8058823529411764,0.62,0.49964705882352933,0.15,0.33,0.8441328719723183,0.9207327784,0.9220664359861592,0.8441328719723183,0.3863544893286327,0.7727089786572654,0.07163126122276632,2.69682875,0.446950883870468,,,,"Runtime uses an obstacle sampling horizon much larger than rotor radius; offline wall_skim now records the A4MC local-residual, shelter-gradient, and pressure-gradient disk-wind proxies separately from geometric obstruction."
current_flat_wall_runtime_mapping,current Java formulas,drone-sim-core/src/main/java/com/tenicana/dronecraft/sim/RotorFlowObstructionModel.java; fabric-mod/src/main/java/com/tenicana/dronecraft/entity/DroneEntity.java; drone-sim-core/src/main/java/com/tenicana/dronecraft/sim/DronePhysics.java,racingQuad,0.1,0.006350000000000001,0.3724,5.864566929133859,0.4364442857847691,0.7914388533726522,0.567832235598894,0.7928505419333851,0.62,0.4915673359986988,0.15,0.33,0.8496698899293236,0.9226159725315429,0.9248349449646618,0.8496698899293236,0.37496434471136914,0.7499286894227383,0.06951949483469597,2.69682875,0.446950883870468,,,,"Runtime uses an obstacle sampling horizon much larger than rotor radius; offline wall_skim now records the A4MC local-residual, shelter-gradient, and pressure-gradient disk-wind proxies separately from geometric obstruction."
current_flat_wall_runtime_mapping,current Java formulas,drone-sim-core/src/main/java/com/tenicana/dronecraft/sim/RotorFlowObstructionModel.java; fabric-mod/src/main/java/com/tenicana/dronecraft/entity/DroneEntity.java; drone-sim-core/src/main/java/com/tenicana/dronecraft/sim/DronePhysics.java,racingQuad,0.2,0.012700000000000001,0.3724,5.864566929133859,0.373530039052331,0.7770020366347098,0.560967332475752,0.7798241602955446,0.62,0.48349097938323765,0.15,0.33,0.8551042804157232,0.9244757564548094,0.9275521402078616,0.8551042804157232,0.36375546853906915,0.7275109370781383,0.06744133615066755,2.69682875,0.446950883870468,,,,"Runtime uses an obstacle sampling horizon much larger than rotor radius; offline wall_skim now records the A4MC local-residual, shelter-gradient, and pressure-gradient disk-wind proxies separately from geometric obstruction."
current_flat_wall_runtime_mapping,current Java formulas,drone-sim-core/src/main/java/com/tenicana/dronecraft/sim/RotorFlowObstructionModel.java; fabric-mod/src/main/java/com/tenicana/dronecraft/entity/DroneEntity.java; drone-sim-core/src/main/java/com/tenicana/dronecraft/sim/DronePhysics.java,racingQuad,0.25,0.015875,0.3724,5.864566929133859,0.34251882123714633,0.7697861768987675,0.5575359702730754,0.7733130365713008,0.62,0.47945408267420647,0.15,0.33,0.8577830180453391,0.9253968740443985,0.9288915090226695,0.8577830180453391,0.35821870779090315,0.7164374155818063,0.06641480438661579,2.69682875,0.446950883870468,,,,"Runtime uses an obstacle sampling horizon much larger than rotor radius; offline wall_skim now records the A4MC local-residual, shelter-gradient, and pressure-gradient disk-wind proxies separately from geometric obstruction."
current_flat_wall_runtime_mapping,current Java formulas,drone-sim-core/src/main/java/com/tenicana/dronecraft/sim/RotorFlowObstructionModel.java; fabric-mod/src/main/java/com/tenicana/dronecraft/entity/DroneEntity.java; drone-sim-core/src/main/java/com/tenicana/dronecraft/sim/DronePhysics.java,racingQuad,0.3,0.01905,0.3724,5.864566929133859,0.3119188323905365,0.762572039724533,0.5541053433106544,0.7668033079898567,0.62,0.4754180509537112,0.15,0.33,0.8604361322152877,0.9263121444434996,0.9302180661076438,0.8604361322152877,0.35272690567408654,0.7054538113481731,0.0653966080853459,2.69682875,0.446950883870468,,,,"Runtime uses an obstacle sampling horizon much larger than rotor radius; offline wall_skim now records the A4MC local-residual, shelter-gradient, and pressure-gradient disk-wind proxies separately from geometric obstruction."
current_flat_wall_runtime_mapping,current Java formulas,drone-sim-core/src/main/java/com/tenicana/dronecraft/sim/RotorFlowObstructionModel.java; fabric-mod/src/main/java/com/tenicana/dronecraft/entity/DroneEntity.java; drone-sim-core/src/main/java/com/tenicana/dronecraft/sim/DronePhysics.java,racingQuad,0.5,0.03175,0.3724,5.864566929133859,0.19550110947788538,0.7337330852258017,0.5403903285279406,0.7407786120074773,0.62,0.45928273944463593,0.15,0.33,0.8707925823148064,0.9299147902800314,0.9353962911574032,0.8707925823148064,0.33120688019905037,0.6624137603981007,0.061406731925238184,2.69682875,0.446950883870468,,,,"Runtime uses an obstacle sampling horizon much larger than rotor radius; offline wall_skim now records the A4MC local-residual, shelter-gradient, and pressure-gradient disk-wind proxies separately from geometric obstruction."
current_flat_wall_runtime_mapping,current Java formulas,drone-sim-core/src/main/java/com/tenicana/dronecraft/sim/RotorFlowObstructionModel.java; fabric-mod/src/main/java/com/tenicana/dronecraft/entity/DroneEntity.java; drone-sim-core/src/main/java/com/tenicana/dronecraft/sim/DronePhysics.java,racingQuad,0.75,0.047625,0.3724,5.864566929133859,0.07214680640719374,0.6977254547447267,0.5232639786631392,0.7082807944272093,0.62,0.43913409254486974,0.15,0.33,0.8831630055523034,0.9342867540720692,0.9415815027761517,0.8831630055523034,0.30530395151129086,0.6106079030225817,0.056604252589507374,2.69682875,0.446950883870468,,,,"Runtime uses an obstacle sampling horizon much larger than rotor radius; offline wall_skim now records the A4MC local-residual, shelter-gradient, and pressure-gradient disk-wind proxies separately from geometric obstruction."
current_flat_wall_runtime_mapping,current Java formulas,drone-sim-core/src/main/java/com/tenicana/dronecraft/sim/RotorFlowObstructionModel.java; fabric-mod/src/main/java/com/tenicana/dronecraft/entity/DroneEntity.java; drone-sim-core/src/main/java/com/tenicana/dronecraft/sim/DronePhysics.java,racingQuad,1.0,0.0635,0.3724,5.864566929133859,0.0,0.661765969282562,0.5061579277555786,0.6758214947923693,0.62,0.41900932677126895,0.15,0.33,0.8948957924558827,0.9385129965208429,0.9474478962279413,0.8948957924558827,0.28049473422541976,0.5609894684508395,0.05200455057174464,2.69682875,0.446950883870468,,,,"Runtime uses an obstacle sampling horizon much larger than rotor radius; offline wall_skim now records the A4MC local-residual, shelter-gradient, and pressure-gradient disk-wind proxies separately from geometric obstruction."
current_flat_wall_runtime_mapping,current Java formulas,drone-sim-core/src/main/java/com/tenicana/dronecraft/sim/RotorFlowObstructionModel.java; fabric-mod/src/main/java/com/tenicana/dronecraft/entity/DroneEntity.java; drone-sim-core/src/main/java/com/tenicana/dronecraft/sim/DronePhysics.java,racingQuad,1.5,0.09525,0.3724,5.864566929133859,0.0,0.5900041260448703,0.472011390371626,0.611027306208019,0.62,0.3788369298489718,0.15,0.33,0.916454831500007,0.9465292593662666,0.9582274157500035,0.916454831500007,0.23409616147102083,0.46819232294204166,0.043402118408708903,2.69682875,0.446950883870468,,,,"Runtime uses an obstacle sampling horizon much larger than rotor radius; offline wall_skim now records the A4MC local-residual, shelter-gradient, and pressure-gradient disk-wind proxies separately from geometric obstruction."
current_flat_wall_runtime_mapping,current Java formulas,drone-sim-core/src/main/java/com/tenicana/dronecraft/sim/RotorFlowObstructionModel.java; fabric-mod/src/main/java/com/tenicana/dronecraft/entity/DroneEntity.java; drone-sim-core/src/main/java/com/tenicana/dronecraft/sim/DronePhysics.java,racingQuad,2.0,0.127,0.3724,5.864566929133859,0.0,0.5184783276452601,0.4379617384403769,0.5464169609874323,0.62,0.338778515812208,0.15,0.33,0.9354832537029218,0.9539654837589479,0.9677416268514609,0.9354832537029218,0.19188811369332504,0.38377622738665007,0.035576621929242824,2.69682875,0.446950883870468,,,,"Runtime uses an obstacle sampling horizon much larger than rotor radius; offline wall_skim now records the A4MC local-residual, shelter-gradient, and pressure-gradient disk-wind proxies separately from geometric obstruction."
current_flat_wall_runtime_mapping,current Java formulas,drone-sim-core/src/main/java/com/tenicana/dronecraft/sim/RotorFlowObstructionModel.java; fabric-mod/src/main/java/com/tenicana/dronecraft/entity/DroneEntity.java; drone-sim-core/src/main/java/com/tenicana/dronecraft/sim/DronePhysics.java,racingQuad,3.0,0.1905,0.3724,5.864566929133859,0.0,0.3763316079372011,0.3702182307217604,0.41787140554413754,0.62,0.2590802714373653,0.15,0.33,0.9660098850081762,0.9671052307938999,0.9830049425040881,0.9660098850081762,0.11955935235389113,0.23911870470778226,0.022166656365164294,2.69682875,0.446950883870468,,,,"Runtime uses an obstacle sampling horizon much larger than rotor radius; offline wall_skim now records the A4MC local-residual, shelter-gradient, and pressure-gradient disk-wind proxies separately from geometric obstruction."
current_flat_wall_runtime_mapping,current Java formulas,drone-sim-core/src/main/java/com/tenicana/dronecraft/sim/RotorFlowObstructionModel.java; fabric-mod/src/main/java/com/tenicana/dronecraft/entity/DroneEntity.java; drone-sim-core/src/main/java/com/tenicana/dronecraft/sim/DronePhysics.java,racingQuad,4.0,0.254,0.3724,5.864566929133859,0.0,0.23624613734444425,0.303162633966762,0.2906311839976507,0.62,0.18019133407854343,0.15,0.33,0.9866050630215591,0.9779421801679204,0.9933025315107795,0.9866050630215591,0.0626936878917738,0.1253873757835476,0.011623594544476324,2.69682875,0.446950883870468,,,,"Runtime uses an obstacle sampling horizon much larger than rotor radius; offline wall_skim now records the A4MC local-residual, shelter-gradient, and pressure-gradient disk-wind proxies separately from geometric obstruction."
current_flat_wall_runtime_mapping,current Java formulas,drone-sim-core/src/main/java/com/tenicana/dronecraft/sim/RotorFlowObstructionModel.java; fabric-mod/src/main/java/com/tenicana/dronecraft/entity/DroneEntity.java; drone-sim-core/src/main/java/com/tenicana/dronecraft/sim/DronePhysics.java,racingQuad,6.0,0.381,0.3724,5.864566929133859,0.0,0.0,0.17969156174622614,0.05634072437614064,0.62,0.0349312491132072,0.15,0.33,1.0,0.9922506262329285,1.0,1.0,0.0,0.0,0.0,2.69682875,0.446950883870468,,,,"Runtime uses an obstacle sampling horizon much larger than rotor radius; offline wall_skim now records the A4MC local-residual, shelter-gradient, and pressure-gradient disk-wind proxies separately from geometric obstruction."
current_flat_wall_runtime_mapping,current Java formulas,drone-sim-core/src/main/java/com/tenicana/dronecraft/sim/RotorFlowObstructionModel.java; fabric-mod/src/main/java/com/tenicana/dronecraft/entity/DroneEntity.java; drone-sim-core/src/main/java/com/tenicana/dronecraft/sim/DronePhysics.java,racingQuad,8.0,0.508,0.3724,5.864566929133859,0.0,0.0,0.15000000000000002,0.0,0.62,0.0,0.15,0.33,1.0,0.9946,1.0,1.0,0.0,0.0,0.0,2.69682875,0.446950883870468,,,,"Runtime uses an obstacle sampling horizon much larger than rotor radius; offline wall_skim now records the A4MC local-residual, shelter-gradient, and pressure-gradient disk-wind proxies separately from geometric obstruction."
current_flat_wall_runtime_mapping,current Java formulas,drone-sim-core/src/main/java/com/tenicana/dronecraft/sim/RotorFlowObstructionModel.java; fabric-mod/src/main/java/com/tenicana/dronecraft/entity/DroneEntity.java; drone-sim-core/src/main/java/com/tenicana/dronecraft/sim/DronePhysics.java,racingQuad,10.0,0.635,0.3724,5.864566929133859,0.0,0.0,0.15000000000000002,0.0,0.62,0.0,0.15,0.33,1.0,0.9946,1.0,1.0,0.0,0.0,0.0,2.69682875,0.446950883870468,,,,"Runtime uses an obstacle sampling horizon much larger than rotor radius; offline wall_skim now records the A4MC local-residual, shelter-gradient, and pressure-gradient disk-wind proxies separately from geometric obstruction."
current_flat_wall_runtime_mapping,current Java formulas,drone-sim-core/src/main/java/com/tenicana/dronecraft/sim/RotorFlowObstructionModel.java; fabric-mod/src/main/java/com/tenicana/dronecraft/entity/DroneEntity.java; drone-sim-core/src/main/java/com/tenicana/dronecraft/sim/DronePhysics.java,apDrone,0.0,0.0,0.375448,5.796634244248882,0.5,0.8058823529411764,0.5747,0.8058823529411764,0.62,0.49964705882352933,0.15,0.33,0.8441328719723183,0.9207327784,0.9220664359861592,0.8441328719723183,0.1910634838549622,0.3821269677099244,0.062008444365038703,1.5406247149999999,0.3378170351821519,,,,"Runtime uses an obstacle sampling horizon much larger than rotor radius; offline wall_skim now records the A4MC local-residual, shelter-gradient, and pressure-gradient disk-wind proxies separately from geometric obstruction."
current_flat_wall_runtime_mapping,current Java formulas,drone-sim-core/src/main/java/com/tenicana/dronecraft/sim/RotorFlowObstructionModel.java; fabric-mod/src/main/java/com/tenicana/dronecraft/entity/DroneEntity.java; drone-sim-core/src/main/java/com/tenicana/dronecraft/sim/DronePhysics.java,apDrone,0.1,0.006477,0.375448,5.796634244248882,0.4364442857847691,0.7912696245531339,0.567832235598894,0.7928505419333851,0.62,0.4915673359986988,0.15,0.33,0.8497341715022902,0.9226159725315429,0.9248670857511452,0.8497341715022902,0.18573417506007595,0.3714683501201519,0.060278850927065634,1.5406247149999999,0.3378170351821519,,,,"Runtime uses an obstacle sampling horizon much larger than rotor radius; offline wall_skim now records the A4MC local-residual, shelter-gradient, and pressure-gradient disk-wind proxies separately from geometric obstruction."
current_flat_wall_runtime_mapping,current Java formulas,drone-sim-core/src/main/java/com/tenicana/dronecraft/sim/RotorFlowObstructionModel.java; fabric-mod/src/main/java/com/tenicana/dronecraft/entity/DroneEntity.java; drone-sim-core/src/main/java/com/tenicana/dronecraft/sim/DronePhysics.java,apDrone,0.2,0.012954,0.375448,5.796634244248882,0.373530039052331,0.7766637381697621,0.560967332475752,0.7798241602955446,0.62,0.48349097938323765,0.15,0.33,0.8552304250749211,0.9244757564548094,0.9276152125374606,0.8552304250749211,0.18047920594490852,0.36095841188981703,0.058573383961618625,1.5406247149999999,0.3378170351821519,,,,"Runtime uses an obstacle sampling horizon much larger than rotor radius; offline wall_skim now records the A4MC local-residual, shelter-gradient, and pressure-gradient disk-wind proxies separately from geometric obstruction."
current_flat_wall_runtime_mapping,current Java formulas,drone-sim-core/src/main/java/com/tenicana/dronecraft/sim/RotorFlowObstructionModel.java; fabric-mod/src/main/java/com/tenicana/dronecraft/entity/DroneEntity.java; drone-sim-core/src/main/java/com/tenicana/dronecraft/sim/DronePhysics.java,apDrone,0.25,0.0161925,0.375448,5.796634244248882,0.34251882123714633,0.769363404847372,0.5575359702730754,0.7733130365713008,0.62,0.47945408267420647,0.15,0.33,0.8579391883075982,0.9253968740443985,0.9289695941537991,0.8579391883075982,0.17787949706433334,0.3557589941286667,0.057729664899064455,1.5406247149999999,0.3378170351821519,,,,"Runtime uses an obstacle sampling horizon much larger than rotor radius; offline wall_skim now records the A4MC local-residual, shelter-gradient, and pressure-gradient disk-wind proxies separately from geometric obstruction."
current_flat_wall_runtime_mapping,current Java formulas,drone-sim-core/src/main/java/com/tenicana/dronecraft/sim/RotorFlowObstructionModel.java; fabric-mod/src/main/java/com/tenicana/dronecraft/entity/DroneEntity.java; drone-sim-core/src/main/java/com/tenicana/dronecraft/sim/DronePhysics.java,apDrone,0.3,0.019430999999999997,0.375448,5.796634244248882,0.3119188323905365,0.7620648357731639,0.5541053433106546,0.7668033079898569,0.62,0.47541805095371126,0.15,0.33,0.860621724658725,0.9263121444434996,0.9303108623293626,0.860621724658725,0.17529825108892874,0.3505965021778575,0.056891937855524,1.5406247149999999,0.3378170351821519,,,,"Runtime uses an obstacle sampling horizon much larger than rotor radius; offline wall_skim now records the A4MC local-residual, shelter-gradient, and pressure-gradient disk-wind proxies separately from geometric obstruction."
current_flat_wall_runtime_mapping,current Java formulas,drone-sim-core/src/main/java/com/tenicana/dronecraft/sim/RotorFlowObstructionModel.java; fabric-mod/src/main/java/com/tenicana/dronecraft/entity/DroneEntity.java; drone-sim-core/src/main/java/com/tenicana/dronecraft/sim/DronePhysics.java,apDrone,0.5,0.032385,0.375448,5.796634244248882,0.19550110947788538,0.7328885842995343,0.5403903285279406,0.7407786120074773,0.62,0.45928273944463593,0.15,0.33,0.8710898375208218,0.9299147902800314,0.9355449187604109,0.8710898375208218,0.1651570839887636,0.3303141679775272,0.053600686260821026,1.5406247149999999,0.3378170351821519,,,,"Runtime uses an obstacle sampling horizon much larger than rotor radius; offline wall_skim now records the A4MC local-residual, shelter-gradient, and pressure-gradient disk-wind proxies separately from geometric obstruction."
current_flat_wall_runtime_mapping,current Java formulas,drone-sim-core/src/main/java/com/tenicana/dronecraft/sim/RotorFlowObstructionModel.java; fabric-mod/src/main/java/com/tenicana/dronecraft/entity/DroneEntity.java; drone-sim-core/src/main/java/com/tenicana/dronecraft/sim/DronePhysics.java,apDrone,0.75,0.048577499999999996,0.375448,5.796634244248882,0.07214680640719374,0.6964603579134715,0.5232639786631392,0.7082807944272093,0.62,0.43913409254486974,0.15,0.33,0.8835863127652094,0.9342867540720692,0.9417931563826047,0.8835863127652094,0.15289117465615296,0.3057823493123059,0.04961986302295331,1.5406247149999999,0.3378170351821519,,,,"Runtime uses an obstacle sampling horizon much larger than rotor radius; offline wall_skim now records the A4MC local-residual, shelter-gradient, and pressure-gradient disk-wind proxies separately from geometric obstruction."
current_flat_wall_runtime_mapping,current Java formulas,drone-sim-core/src/main/java/com/tenicana/dronecraft/sim/RotorFlowObstructionModel.java; fabric-mod/src/main/java/com/tenicana/dronecraft/entity/DroneEntity.java; drone-sim-core/src/main/java/com/tenicana/dronecraft/sim/DronePhysics.java,apDrone,1.0,0.06477,0.375448,5.796634244248882,0.0,0.6600815154545817,0.5061579277555786,0.6758214947923693,0.62,0.41900932677126895,0.15,0.33,0.8954301743092439,0.9385129965208429,0.9477150871546219,0.8954301743092439,0.1410767302496255,0.282153460499251,0.045785559869337,1.5406247149999999,0.3378170351821519,,,,"Runtime uses an obstacle sampling horizon much larger than rotor radius; offline wall_skim now records the A4MC local-residual, shelter-gradient, and pressure-gradient disk-wind proxies separately from geometric obstruction."
current_flat_wall_runtime_mapping,current Java formulas,drone-sim-core/src/main/java/com/tenicana/dronecraft/sim/RotorFlowObstructionModel.java; fabric-mod/src/main/java/com/tenicana/dronecraft/entity/DroneEntity.java; drone-sim-core/src/main/java/com/tenicana/dronecraft/sim/DronePhysics.java,apDrone,1.5,0.09715499999999999,0.375448,5.796634244248882,0.0,0.5874852089103072,0.472011390371626,0.611027306208019,0.62,0.3788369298489718,0.15,0.33,0.917166671034787,0.9465292593662666,0.9585833355173935,0.917166671034787,0.11878237806408415,0.2375647561281683,0.0385500689777277,1.5406247149999999,0.3378170351821519,,,,"Runtime uses an obstacle sampling horizon much larger than rotor radius; offline wall_skim now records the A4MC local-residual, shelter-gradient, and pressure-gradient disk-wind proxies separately from geometric obstruction."
current_flat_wall_runtime_mapping,current Java formulas,drone-sim-core/src/main/java/com/tenicana/dronecraft/sim/RotorFlowObstructionModel.java; fabric-mod/src/main/java/com/tenicana/dronecraft/entity/DroneEntity.java; drone-sim-core/src/main/java/com/tenicana/dronecraft/sim/DronePhysics.java,apDrone,2.0,0.12954,0.375448,5.796634244248882,0.0,0.5151318381211482,0.4379617384403769,0.5464169609874323,0.62,0.338778515812208,0.15,0.33,0.9363134054449426,0.9539654837589479,0.9681567027224713,0.9363134054449426,0.0982353940568617,0.1964707881137234,0.03188167536857336,1.5406247149999999,0.3378170351821519,,,,"Runtime uses an obstacle sampling horizon much larger than rotor radius; offline wall_skim now records the A4MC local-residual, shelter-gradient, and pressure-gradient disk-wind proxies separately from geometric obstruction."
current_flat_wall_runtime_mapping,current Java formulas,drone-sim-core/src/main/java/com/tenicana/dronecraft/sim/RotorFlowObstructionModel.java; fabric-mod/src/main/java/com/tenicana/dronecraft/entity/DroneEntity.java; drone-sim-core/src/main/java/com/tenicana/dronecraft/sim/DronePhysics.java,apDrone,3.0,0.19430999999999998,0.375448,5.796634244248882,0.0,0.3713617709360078,0.3702182307217604,0.4178714055441375,0.62,0.25908027143736523,0.15,0.33,0.9669017044209453,0.9671052307938999,0.9834508522104726,0.9669017044209453,0.062247216237592606,0.12449443247518521,0.02020194004144371,1.5406247149999999,0.3378170351821519,,,,"Runtime uses an obstacle sampling horizon much larger than rotor radius; offline wall_skim now records the A4MC local-residual, shelter-gradient, and pressure-gradient disk-wind proxies separately from geometric obstruction."
current_flat_wall_runtime_mapping,current Java formulas,drone-sim-core/src/main/java/com/tenicana/dronecraft/sim/RotorFlowObstructionModel.java; fabric-mod/src/main/java/com/tenicana/dronecraft/entity/DroneEntity.java; drone-sim-core/src/main/java/com/tenicana/dronecraft/sim/DronePhysics.java,apDrone,4.0,0.25908,0.375448,5.796634244248882,0.0,0.22979453006950382,0.303162633966762,0.2906311839976507,0.62,0.18019133407854343,0.15,0.33,0.9873266737480326,0.9779421801679204,0.9936633368740163,0.9873266737480326,0.03297576854914442,0.06595153709828884,0.010702076965299243,1.5406247149999999,0.3378170351821519,,,,"Runtime uses an obstacle sampling horizon much larger than rotor radius; offline wall_skim now records the A4MC local-residual, shelter-gradient, and pressure-gradient disk-wind proxies separately from geometric obstruction."
current_flat_wall_runtime_mapping,current Java formulas,drone-sim-core/src/main/java/com/tenicana/dronecraft/sim/RotorFlowObstructionModel.java; fabric-mod/src/main/java/com/tenicana/dronecraft/entity/DroneEntity.java; drone-sim-core/src/main/java/com/tenicana/dronecraft/sim/DronePhysics.java,apDrone,6.0,0.38861999999999997,0.375448,5.796634244248882,0.0,0.0,0.17969156174622614,0.05634072437614064,0.62,0.0349312491132072,0.15,0.33,1.0,0.9922506262329285,1.0,1.0,0.0,0.0,0.0,1.5406247149999999,0.3378170351821519,,,,"Runtime uses an obstacle sampling horizon much larger than rotor radius; offline wall_skim now records the A4MC local-residual, shelter-gradient, and pressure-gradient disk-wind proxies separately from geometric obstruction."
current_flat_wall_runtime_mapping,current Java formulas,drone-sim-core/src/main/java/com/tenicana/dronecraft/sim/RotorFlowObstructionModel.java; fabric-mod/src/main/java/com/tenicana/dronecraft/entity/DroneEntity.java; drone-sim-core/src/main/java/com/tenicana/dronecraft/sim/DronePhysics.java,apDrone,8.0,0.51816,0.375448,5.796634244248882,0.0,0.0,0.15000000000000002,0.0,0.62,0.0,0.15,0.33,1.0,0.9946,1.0,1.0,0.0,0.0,0.0,1.5406247149999999,0.3378170351821519,,,,"Runtime uses an obstacle sampling horizon much larger than rotor radius; offline wall_skim now records the A4MC local-residual, shelter-gradient, and pressure-gradient disk-wind proxies separately from geometric obstruction."
current_flat_wall_runtime_mapping,current Java formulas,drone-sim-core/src/main/java/com/tenicana/dronecraft/sim/RotorFlowObstructionModel.java; fabric-mod/src/main/java/com/tenicana/dronecraft/entity/DroneEntity.java; drone-sim-core/src/main/java/com/tenicana/dronecraft/sim/DronePhysics.java,apDrone,10.0,0.6476999999999999,0.375448,5.796634244248882,0.0,0.0,0.15000000000000002,0.0,0.62,0.0,0.15,0.33,1.0,0.9946,1.0,1.0,0.0,0.0,0.0,1.5406247149999999,0.3378170351821519,,,,"Runtime uses an obstacle sampling horizon much larger than rotor radius; offline wall_skim now records the A4MC local-residual, shelter-gradient, and pressure-gradient disk-wind proxies separately from geometric obstruction."
current_flat_wall_runtime_mapping,current Java formulas,drone-sim-core/src/main/java/com/tenicana/dronecraft/sim/RotorFlowObstructionModel.java; fabric-mod/src/main/java/com/tenicana/dronecraft/entity/DroneEntity.java; drone-sim-core/src/main/java/com/tenicana/dronecraft/sim/DronePhysics.java,cinewhoop,0.0,0.0,0.32,8.421052631578947,0.5,0.8058823529411764,0.5747,0.8058823529411764,0.62,0.49964705882352933,0.15,0.33,0.8441328719723183,0.9207327784,0.9220664359861592,0.8441328719723183,0.38184132076047234,0.7636826415209447,0.08197258643460195,2.3290793749999996,0.5395692002653598,,,,"Runtime uses an obstacle sampling horizon much larger than rotor radius; offline wall_skim now records the A4MC local-residual, shelter-gradient, and pressure-gradient disk-wind proxies separately from geometric obstruction."
current_flat_wall_runtime_mapping,current Java formulas,drone-sim-core/src/main/java/com/tenicana/dronecraft/sim/RotorFlowObstructionModel.java; fabric-mod/src/main/java/com/tenicana/dronecraft/entity/DroneEntity.java; drone-sim-core/src/main/java/com/tenicana/dronecraft/sim/DronePhysics.java,cinewhoop,0.1,0.0038,0.32,8.421052631578947,0.4364442857847691,0.7958229493307453,0.5693986942973028,0.7958229493307453,0.62,0.49341022858506206,0.15,0.33,0.8479997999964434,0.9221884304638064,0.9239998999982217,0.8479997999964434,0.37356707599695615,0.7471341519939123,0.08019629558502192,2.3290793749999996,0.5395692002653598,,,,"Runtime uses an obstacle sampling horizon much larger than rotor radius; offline wall_skim now records the A4MC local-residual, shelter-gradient, and pressure-gradient disk-wind proxies separately from geometric obstruction."
current_flat_wall_runtime_mapping,current Java formulas,drone-sim-core/src/main/java/com/tenicana/dronecraft/sim/RotorFlowObstructionModel.java; fabric-mod/src/main/java/com/tenicana/dronecraft/entity/DroneEntity.java; drone-sim-core/src/main/java/com/tenicana/dronecraft/sim/DronePhysics.java,cinewhoop,0.2,0.0076,0.32,8.421052631578947,0.373530039052331,0.7857667671544442,0.5640990862903921,0.7857667671544442,0.62,0.48717539563575535,0.15,0.33,0.8518169410325569,0.9236301330031228,0.9259084705162784,0.8518169410325569,0.36539329937951304,0.7307865987590261,0.07844157294542894,2.3290793749999996,0.5395692002653598,,,,"Runtime uses an obstacle sampling horizon much larger than rotor radius; offline wall_skim now records the A4MC local-residual, shelter-gradient, and pressure-gradient disk-wind proxies separately from geometric obstruction."
current_flat_wall_runtime_mapping,current Java formulas,drone-sim-core/src/main/java/com/tenicana/dronecraft/sim/RotorFlowObstructionModel.java; fabric-mod/src/main/java/com/tenicana/dronecraft/entity/DroneEntity.java; drone-sim-core/src/main/java/com/tenicana/dronecraft/sim/DronePhysics.java,cinewhoop,0.25,0.0095,0.32,8.421052631578947,0.34251882123714633,0.7807398982200839,0.5614499263619841,0.7807398982200839,0.62,0.484058736896452,0.15,0.33,0.8537068507185503,0.9243457552451494,0.9268534253592752,0.8537068507185503,0.36134396029538995,0.7226879205907799,0.07757227258418146,2.3290793749999996,0.5395692002653598,,,,"Runtime uses an obstacle sampling horizon much larger than rotor radius; offline wall_skim now records the A4MC local-residual, shelter-gradient, and pressure-gradient disk-wind proxies separately from geometric obstruction."
current_flat_wall_runtime_mapping,current Java formulas,drone-sim-core/src/main/java/com/tenicana/dronecraft/sim/RotorFlowObstructionModel.java; fabric-mod/src/main/java/com/tenicana/dronecraft/entity/DroneEntity.java; drone-sim-core/src/main/java/com/tenicana/dronecraft/sim/DronePhysics.java,cinewhoop,0.3,0.011399999999999999,0.32,8.421052631578947,0.3119188323905365,0.7757138517577833,0.5588011998763518,0.7757138517577833,0.62,0.48094258808982565,0.15,0.33,0.8555843248458649,0.9250578925640199,0.9277921624229324,0.8555843248458649,0.35731958643706085,0.7146391728741217,0.0767083316851451,2.3290793749999996,0.5395692002653598,,,,"Runtime uses an obstacle sampling horizon much larger than rotor radius; offline wall_skim now records the A4MC local-residual, shelter-gradient, and pressure-gradient disk-wind proxies separately from geometric obstruction."
current_flat_wall_runtime_mapping,current Java formulas,drone-sim-core/src/main/java/com/tenicana/dronecraft/sim/RotorFlowObstructionModel.java; fabric-mod/src/main/java/com/tenicana/dronecraft/entity/DroneEntity.java; drone-sim-core/src/main/java/com/tenicana/dronecraft/sim/DronePhysics.java,cinewhoop,0.5,0.019,0.32,8.421052631578947,0.19550110947788538,0.7556180098309936,0.5482106911809337,0.7556180098309936,0.62,0.468483166095216,0.15,0.33,0.8629699415725717,0.9278716091379815,0.9314849707862858,0.8629699415725717,0.3414707251032774,0.6829414502065548,0.07330594413581921,2.3290793749999996,0.5395692002653598,,,,"Runtime uses an obstacle sampling horizon much larger than rotor radius; offline wall_skim now records the A4MC local-residual, shelter-gradient, and pressure-gradient disk-wind proxies separately from geometric obstruction."
current_flat_wall_runtime_mapping,current Java formulas,drone-sim-core/src/main/java/com/tenicana/dronecraft/sim/RotorFlowObstructionModel.java; fabric-mod/src/main/java/com/tenicana/dronecraft/entity/DroneEntity.java; drone-sim-core/src/main/java/com/tenicana/dronecraft/sim/DronePhysics.java,cinewhoop,0.75,0.028499999999999998,0.32,8.421052631578947,0.07214680640719374,0.7305174483747361,0.5349826952934859,0.7305174483747361,0.62,0.45292081799233636,0.15,0.33,0.8719226218288155,0.9313104437767642,0.9359613109144078,0.8719226218288155,0.32221523486191134,0.6444304697238227,0.06917223138045937,2.3290793749999996,0.5395692002653598,,,,"Runtime uses an obstacle sampling horizon much larger than rotor radius; offline wall_skim now records the A4MC local-residual, shelter-gradient, and pressure-gradient disk-wind proxies separately from geometric obstruction."
current_flat_wall_runtime_mapping,current Java formulas,drone-sim-core/src/main/java/com/tenicana/dronecraft/sim/RotorFlowObstructionModel.java; fabric-mod/src/main/java/com/tenicana/dronecraft/entity/DroneEntity.java; drone-sim-core/src/main/java/com/tenicana/dronecraft/sim/DronePhysics.java,cinewhoop,1.0,0.038,0.32,8.421052631578947,0.0,0.7054390387067363,0.52176637339845,0.7054390387067363,0.62,0.4373722039981765,0.15,0.33,0.8805653830404438,0.934662364381751,0.9402826915202219,0.8805653830404438,0.3035710419772679,0.6071420839545358,0.06516975016733124,2.3290793749999996,0.5395692002653598,,,,"Runtime uses an obstacle sampling horizon much larger than rotor radius; offline wall_skim now records the A4MC local-residual, shelter-gradient, and pressure-gradient disk-wind proxies separately from geometric obstruction."
current_flat_wall_runtime_mapping,current Java formulas,drone-sim-core/src/main/java/com/tenicana/dronecraft/sim/RotorFlowObstructionModel.java; fabric-mod/src/main/java/com/tenicana/dronecraft/entity/DroneEntity.java; drone-sim-core/src/main/java/com/tenicana/dronecraft/sim/DronePhysics.java,cinewhoop,1.5,0.056999999999999995,0.32,8.421052631578947,0.0,0.6553523505099832,0.4953706887187611,0.6553523505099832,0.62,0.4063184573161896,0.15,0.33,0.8969231912034497,0.9411058913819921,0.9484615956017248,0.8969231912034497,0.268090423362934,0.536180846725868,0.05755287394680012,2.3290793749999996,0.5395692002653598,,,,"Runtime uses an obstacle sampling horizon much larger than rotor radius; offline wall_skim now records the A4MC local-residual, shelter-gradient, and pressure-gradient disk-wind proxies separately from geometric obstruction."
current_flat_wall_runtime_mapping,current Java formulas,drone-sim-core/src/main/java/com/tenicana/dronecraft/sim/RotorFlowObstructionModel.java; fabric-mod/src/main/java/com/tenicana/dronecraft/entity/DroneEntity.java; drone-sim-core/src/main/java/com/tenicana/dronecraft/sim/DronePhysics.java,cinewhoop,2.0,0.076,0.32,8.421052631578947,0.0,0.6053662149520824,0.46902799527974737,0.6053662149520824,0.62,0.3753270532702911,0.15,0.33,0.9120476189907014,0.9472030575145267,0.9560238094953507,0.9120476189907014,0.2349759652617077,0.4699519305234154,0.050443958197368806,2.3290793749999996,0.5395692002653598,,,,"Runtime uses an obstacle sampling horizon much larger than rotor radius; offline wall_skim now records the A4MC local-residual, shelter-gradient, and pressure-gradient disk-wind proxies separately from geometric obstruction."
current_flat_wall_runtime_mapping,current Java formulas,drone-sim-core/src/main/java/com/tenicana/dronecraft/sim/RotorFlowObstructionModel.java; fabric-mod/src/main/java/com/tenicana/dronecraft/entity/DroneEntity.java; drone-sim-core/src/main/java/com/tenicana/dronecraft/sim/DronePhysics.java,cinewhoop,3.0,0.11399999999999999,0.32,8.421052631578947,0.0,0.5057385554969166,0.41652421874687506,0.5057385554969166,0.62,0.3135579044080883,0.15,0.33,0.9386148432361341,0.9583618180473533,0.969307421618067,0.9386148432361341,0.17562908684069595,0.3512581736813919,0.037703542594098145,2.3290793749999996,0.5395692002653598,,,,"Runtime uses an obstacle sampling horizon much larger than rotor radius; offline wall_skim now records the A4MC local-residual, shelter-gradient, and pressure-gradient disk-wind proxies separately from geometric obstruction."
current_flat_wall_runtime_mapping,current Java formulas,drone-sim-core/src/main/java/com/tenicana/dronecraft/sim/RotorFlowObstructionModel.java; fabric-mod/src/main/java/com/tenicana/dronecraft/entity/DroneEntity.java; drone-sim-core/src/main/java/com/tenicana/dronecraft/sim/DronePhysics.java,cinewhoop,4.0,0.152,0.32,8.421052631578947,0.0,0.40667562193711276,0.3643180527608584,0.40667562193711276,0.62,0.2521388856010099,0.15,0.33,0.960307585245295,0.9681453655438087,0.9801537926226476,0.960307585245295,0.12509101539416778,0.25018203078833556,0.026854176104274635,2.3290793749999996,0.5395692002653598,,,,"Runtime uses an obstacle sampling horizon much larger than rotor radius; offline wall_skim now records the A4MC local-residual, shelter-gradient, and pressure-gradient disk-wind proxies separately from geometric obstruction."
current_flat_wall_runtime_mapping,current Java formulas,drone-sim-core/src/main/java/com/tenicana/dronecraft/sim/RotorFlowObstructionModel.java; fabric-mod/src/main/java/com/tenicana/dronecraft/entity/DroneEntity.java; drone-sim-core/src/main/java/com/tenicana/dronecraft/sim/DronePhysics.java,cinewhoop,6.0,0.22799999999999998,0.32,8.421052631578947,0.0,0.21217161172707205,0.261814439380167,0.21217161172707205,0.62,0.13154639927078468,0.15,0.33,0.9891959697225128,0.9835487678396917,0.9945979848612564,0.9891959697225128,0.04897749137187269,0.09795498274374538,0.010514345689028459,2.3290793749999996,0.5395692002653598,,,,"Runtime uses an obstacle sampling horizon much larger than rotor radius; offline wall_skim now records the A4MC local-residual, shelter-gradient, and pressure-gradient disk-wind proxies separately from geometric obstruction."
current_flat_wall_runtime_mapping,current Java formulas,drone-sim-core/src/main/java/com/tenicana/dronecraft/sim/RotorFlowObstructionModel.java; fabric-mod/src/main/java/com/tenicana/dronecraft/entity/DroneEntity.java; drone-sim-core/src/main/java/com/tenicana/dronecraft/sim/DronePhysics.java,cinewhoop,8.0,0.304,0.32,8.421052631578947,0.0,0.03653978025716802,0.16925646419552753,0.03653978025716802,0.62,0.02265466375944417,0.15,0.33,0.9996795626701019,0.9931245398387267,0.999839781335051,0.9996795626701019,0.005283588825629603,0.010567177651259207,0.001134265513306004,2.3290793749999996,0.5395692002653598,,,,"Runtime uses an obstacle sampling horizon much larger than rotor radius; offline wall_skim now records the A4MC local-residual, shelter-gradient, and pressure-gradient disk-wind proxies separately from geometric obstruction."
current_flat_wall_runtime_mapping,current Java formulas,drone-sim-core/src/main/java/com/tenicana/dronecraft/sim/RotorFlowObstructionModel.java; fabric-mod/src/main/java/com/tenicana/dronecraft/entity/DroneEntity.java; drone-sim-core/src/main/java/com/tenicana/dronecraft/sim/DronePhysics.java,cinewhoop,10.0,0.38,0.32,8.421052631578947,0.0,0.0,0.15000000000000002,0.0,0.62,0.0,0.15,0.33,1.0,0.9946,1.0,1.0,0.0,0.0,0.0,2.3290793749999996,0.5395692002653598,,,,"Runtime uses an obstacle sampling horizon much larger than rotor radius; offline wall_skim now records the A4MC local-residual, shelter-gradient, and pressure-gradient disk-wind proxies separately from geometric obstruction."
current_flat_wall_runtime_mapping,current Java formulas,drone-sim-core/src/main/java/com/tenicana/dronecraft/sim/RotorFlowObstructionModel.java; fabric-mod/src/main/java/com/tenicana/dronecraft/entity/DroneEntity.java; drone-sim-core/src/main/java/com/tenicana/dronecraft/sim/DronePhysics.java,heavyLift,0.0,0.0,0.5248,4.132283464566929,0.5,0.8058823529411764,0.5747,0.8058823529411764,0.62,0.49964705882352933,0.15,0.33,0.8441328719723183,0.9207327784,0.9220664359861592,0.8441328719723183,1.8066763906838517,3.6133527813677033,0.08187987587487863,11.03248125,0.5388213562465471,,,,"Runtime uses an obstacle sampling horizon much larger than rotor radius; offline wall_skim now records the A4MC local-residual, shelter-gradient, and pressure-gradient disk-wind proxies separately from geometric obstruction."
current_flat_wall_runtime_mapping,current Java formulas,drone-sim-core/src/main/java/com/tenicana/dronecraft/sim/RotorFlowObstructionModel.java; fabric-mod/src/main/java/com/tenicana/dronecraft/entity/DroneEntity.java; drone-sim-core/src/main/java/com/tenicana/dronecraft/sim/DronePhysics.java,heavyLift,0.1,0.012700000000000001,0.5248,4.132283464566929,0.4364442857847691,0.7853860128661481,0.5666012445353193,0.79051469551294,0.62,0.49011911121802276,0.15,0.33,0.8519605145906115,0.9229511271258466,0.9259802572953058,0.8519605145906115,1.7274284959585862,3.4548569919171723,0.07828830418173546,11.03248125,0.5388213562465471,,,,"Runtime uses an obstacle sampling horizon much larger than rotor radius; offline wall_skim now records the A4MC local-residual, shelter-gradient, and pressure-gradient disk-wind proxies separately from geometric obstruction."
current_flat_wall_runtime_mapping,current Java formulas,drone-sim-core/src/main/java/com/tenicana/dronecraft/sim/RotorFlowObstructionModel.java; fabric-mod/src/main/java/com/tenicana/dronecraft/entity/DroneEntity.java; drone-sim-core/src/main/java/com/tenicana/dronecraft/sim/DronePhysics.java,heavyLift,0.2,0.025400000000000002,0.5248,4.132283464566929,0.373530039052331,0.7649032482259805,0.5585064813072735,0.7751546134862876,0.62,0.48059586036149826,0.15,0.33,0.8595815250048026,0.9251369224810644,0.9297907625024013,0.8595815250048026,1.6501444274313306,3.300288854862661,0.07478573450697369,11.03248125,0.5388213562465471,,,,"Runtime uses an obstacle sampling horizon much larger than rotor radius; offline wall_skim now records the A4MC local-residual, shelter-gradient, and pressure-gradient disk-wind proxies separately from geometric obstruction."
current_flat_wall_runtime_mapping,current Java formulas,drone-sim-core/src/main/java/com/tenicana/dronecraft/sim/RotorFlowObstructionModel.java; fabric-mod/src/main/java/com/tenicana/dronecraft/entity/DroneEntity.java; drone-sim-core/src/main/java/com/tenicana/dronecraft/sim/DronePhysics.java,heavyLift,0.25,0.03175,0.5248,4.132283464566929,0.34251882123714633,0.7546670815772495,0.5544606239125471,0.767477464729691,0.62,0.47583602813240844,0.15,0.33,0.8633146230360825,0.9262176199673222,0.9316573115180413,0.8633146230360825,1.6122337472402661,3.2244674944805323,0.07306759516315815,11.03248125,0.5388213562465471,,,,"Runtime uses an obstacle sampling horizon much larger than rotor radius; offline wall_skim now records the A4MC local-residual, shelter-gradient, and pressure-gradient disk-wind proxies separately from geometric obstruction."
current_flat_wall_runtime_mapping,current Java formulas,drone-sim-core/src/main/java/com/tenicana/dronecraft/sim/RotorFlowObstructionModel.java; fabric-mod/src/main/java/com/tenicana/dronecraft/entity/DroneEntity.java; drone-sim-core/src/main/java/com/tenicana/dronecraft/sim/DronePhysics.java,heavyLift,0.3,0.0381,0.5248,4.132283464566929,0.3119188323905365,0.7444344619248218,0.5504157976564767,0.759802272592935,0.62,0.4710774090076197,0.15,0.33,0.8669961596556883,0.9272901879256443,0.9334980798278442,0.8669961596556883,1.5748079092043494,3.149615818408699,0.07137142921517993,11.03248125,0.5388213562465471,,,,"Runtime uses an obstacle sampling horizon much larger than rotor radius; offline wall_skim now records the A4MC local-residual, shelter-gradient, and pressure-gradient disk-wind proxies separately from geometric obstruction."
current_flat_wall_runtime_mapping,current Java formulas,drone-sim-core/src/main/java/com/tenicana/dronecraft/sim/RotorFlowObstructionModel.java; fabric-mod/src/main/java/com/tenicana/dronecraft/entity/DroneEntity.java; drone-sim-core/src/main/java/com/tenicana/dronecraft/sim/DronePhysics.java,heavyLift,0.5,0.0635,0.5248,4.132283464566929,0.19550110947788538,0.7035405741570624,0.534247040179948,0.7291215183680227,0.62,0.4520553413881741,0.15,0.33,0.8812073585235403,0.9314992240141516,0.9406036792617701,0.8812073585235403,1.4299117202115876,2.8598234404231753,0.06480462952119623,11.03248125,0.5388213562465471,,,,"Runtime uses an obstacle sampling horizon much larger than rotor radius; offline wall_skim now records the A4MC local-residual, shelter-gradient, and pressure-gradient disk-wind proxies separately from geometric obstruction."
current_flat_wall_runtime_mapping,current Java formulas,drone-sim-core/src/main/java/com/tenicana/dronecraft/sim/RotorFlowObstructionModel.java; fabric-mod/src/main/java/com/tenicana/dronecraft/entity/DroneEntity.java; drone-sim-core/src/main/java/com/tenicana/dronecraft/sim/DronePhysics.java,heavyLift,0.75,0.09525,0.5248,4.132283464566929,0.07214680640719374,0.6525101788521108,0.5140607753132271,0.6908174104615314,0.62,0.4283067944861495,0.15,0.33,0.8978153119586527,0.9365779646282473,0.9489076559793264,0.8978153119586527,1.2594510888690933,2.5189021777381866,0.05707923087877866,11.03248125,0.5388213562465471,,,,"Runtime uses an obstacle sampling horizon much larger than rotor radius; offline wall_skim now records the A4MC local-residual, shelter-gradient, and pressure-gradient disk-wind proxies separately from geometric obstruction."
current_flat_wall_runtime_mapping,current Java formulas,drone-sim-core/src/main/java/com/tenicana/dronecraft/sim/RotorFlowObstructionModel.java; fabric-mod/src/main/java/com/tenicana/dronecraft/entity/DroneEntity.java; drone-sim-core/src/main/java/com/tenicana/dronecraft/sim/DronePhysics.java,heavyLift,1.0,0.127,0.5248,4.132283464566929,0.0,0.6015847252388679,0.4939035685410714,0.652568441254405,0.62,0.4045924335777311,0.15,0.33,0.9131429964062262,0.9414542235957748,0.956571498203113,0.9131429964062262,1.1005872806275039,2.2011745612550078,0.04987940861569576,11.03248125,0.5388213562465471,,,,"Runtime uses an obstacle sampling horizon much larger than rotor radius; offline wall_skim now records the A4MC local-residual, shelter-gradient, and pressure-gradient disk-wind proxies separately from geometric obstruction."
current_flat_wall_runtime_mapping,current Java formulas,drone-sim-core/src/main/java/com/tenicana/dronecraft/sim/RotorFlowObstructionModel.java; fabric-mod/src/main/java/com/tenicana/dronecraft/entity/DroneEntity.java; drone-sim-core/src/main/java/com/tenicana/dronecraft/sim/DronePhysics.java,heavyLift,1.5,0.1905,0.5248,4.132283464566929,0.0,0.5000948344720869,0.4536846690986741,0.5762517440202544,0.62,0.3572760812925577,0.15,0.33,0.9399772375682406,0.9506008530459584,0.9699886187841202,0.9399772375682406,0.816567580227766,1.633135160455532,0.03700743113557369,11.03248125,0.5388213562465471,,,,"Runtime uses an obstacle sampling horizon much larger than rotor radius; offline wall_skim now records the A4MC local-residual, shelter-gradient, and pressure-gradient disk-wind proxies separately from geometric obstruction."
current_flat_wall_runtime_mapping,current Java formulas,drone-sim-core/src/main/java/com/tenicana/dronecraft/sim/RotorFlowObstructionModel.java; fabric-mod/src/main/java/com/tenicana/dronecraft/entity/DroneEntity.java; drone-sim-core/src/main/java/com/tenicana/dronecraft/sim/DronePhysics.java,heavyLift,2.0,0.254,0.5248,4.132283464566929,0.0,0.3992010099657509,0.4136109413013864,0.5002105148033896,0.62,0.3101305191781016,0.15,0.33,0.9617532528741579,0.9589422374165875,0.980876626437079,0.9617532528741579,0.5756565059332874,1.1513130118665749,0.026089167653617695,11.03248125,0.5388213562465471,,,,"Runtime uses an obstacle sampling horizon much larger than rotor radius; offline wall_skim now records the A4MC local-residual, shelter-gradient, and pressure-gradient disk-wind proxies separately from geometric obstruction."
current_flat_wall_runtime_mapping,current Java formulas,drone-sim-core/src/main/java/com/tenicana/dronecraft/sim/RotorFlowObstructionModel.java; fabric-mod/src/main/java/com/tenicana/dronecraft/entity/DroneEntity.java; drone-sim-core/src/main/java/com/tenicana/dronecraft/sim/DronePhysics.java,heavyLift,3.0,0.381,0.5248,4.132283464566929,0.0,0.20215566032238666,0.3340389215520876,0.34921996499447366,0.62,0.21651637829657366,0.15,0.33,0.9901919413599087,0.9732203197331963,0.9950959706799544,0.9901919413599087,0.217103244207764,0.434206488415528,0.009839275467056152,11.03248125,0.5388213562465471,,,,"Runtime uses an obstacle sampling horizon much larger than rotor radius; offline wall_skim now records the A4MC local-residual, shelter-gradient, and pressure-gradient disk-wind proxies separately from geometric obstruction."
current_flat_wall_runtime_mapping,current Java formulas,drone-sim-core/src/main/java/com/tenicana/dronecraft/sim/RotorFlowObstructionModel.java; fabric-mod/src/main/java/com/tenicana/dronecraft/entity/DroneEntity.java; drone-sim-core/src/main/java/com/tenicana/dronecraft/sim/DronePhysics.java,heavyLift,4.0,0.508,0.5248,4.132283464566929,0.0,0.023343007206263075,0.25664422486762717,0.20236095800308768,0.62,0.12546379396191437,0.15,0.33,0.9998692249634964,0.9841920980421027,0.9999346124817482,0.9998692249634964,0.014607278492120578,0.029214556984241156,0.0006620123869288506,11.03248125,0.5388213562465471,,,,"Runtime uses an obstacle sampling horizon much larger than rotor radius; offline wall_skim now records the A4MC local-residual, shelter-gradient, and pressure-gradient disk-wind proxies separately from geometric obstruction."
current_flat_wall_runtime_mapping,current Java formulas,drone-sim-core/src/main/java/com/tenicana/dronecraft/sim/RotorFlowObstructionModel.java; fabric-mod/src/main/java/com/tenicana/dronecraft/entity/DroneEntity.java; drone-sim-core/src/main/java/com/tenicana/dronecraft/sim/DronePhysics.java,heavyLift,6.0,0.762,0.5248,4.132283464566929,0.0,0.0,0.15000000000000002,0.0,0.62,0.0,0.15,0.33,1.0,0.9946,1.0,1.0,0.0,0.0,0.0,11.03248125,0.5388213562465471,,,,"Runtime uses an obstacle sampling horizon much larger than rotor radius; offline wall_skim now records the A4MC local-residual, shelter-gradient, and pressure-gradient disk-wind proxies separately from geometric obstruction."
current_flat_wall_runtime_mapping,current Java formulas,drone-sim-core/src/main/java/com/tenicana/dronecraft/sim/RotorFlowObstructionModel.java; fabric-mod/src/main/java/com/tenicana/dronecraft/entity/DroneEntity.java; drone-sim-core/src/main/java/com/tenicana/dronecraft/sim/DronePhysics.java,heavyLift,8.0,1.016,0.5248,4.132283464566929,0.0,0.0,0.15000000000000002,0.0,0.62,0.0,0.15,0.33,1.0,0.9946,1.0,1.0,0.0,0.0,0.0,11.03248125,0.5388213562465471,,,,"Runtime uses an obstacle sampling horizon much larger than rotor radius; offline wall_skim now records the A4MC local-residual, shelter-gradient, and pressure-gradient disk-wind proxies separately from geometric obstruction."
current_flat_wall_runtime_mapping,current Java formulas,drone-sim-core/src/main/java/com/tenicana/dronecraft/sim/RotorFlowObstructionModel.java; fabric-mod/src/main/java/com/tenicana/dronecraft/entity/DroneEntity.java; drone-sim-core/src/main/java/com/tenicana/dronecraft/sim/DronePhysics.java,heavyLift,10.0,1.27,0.5248,4.132283464566929,0.0,0.0,0.15000000000000002,0.0,0.62,0.0,0.15,0.33,1.0,0.9946,1.0,1.0,0.0,0.0,0.0,11.03248125,0.5388213562465471,,,,"Runtime uses an obstacle sampling horizon much larger than rotor radius; offline wall_skim now records the A4MC local-residual, shelter-gradient, and pressure-gradient disk-wind proxies separately from geometric obstruction."
current_offline_wall_skim_closest_rotor,current Java formulas,drone-sim-core/src/main/java/com/tenicana/dronecraft/sim/tools/OfflineFlightRecorder.java,racingQuad,0.6299212598425197,0.04,0.41275,6.5,0.12735912299230118,0.7150146227269046,0.5314875519304348,0.7238852977807113,0.62,0.448808884624041,0.15,0.33,0.8773009814288085,0.9322050357143183,,,0.3176080754738108,0.6352161509476216,0.058885473442429524,2.69682875,0.446950883870468,,,,"Offline diagnostic wall_skim keeps the closest rotor about 0.04 m from the wall, attenuates duplicated geometry by an A4MC local obstacle residual, then adds wall-side shelter-gradient obstruction and pressure-gradient disk wind."
current_offline_wall_skim_closest_rotor,current Java formulas,drone-sim-core/src/main/java/com/tenicana/dronecraft/sim/tools/OfflineFlightRecorder.java,apDrone,0.6175698625907057,0.04,0.42100499999999996,6.5,0.13350506730533995,0.7157511722969409,0.5323336962976152,0.7254908848152091,0.62,0.4498043485854296,0.15,0.33,0.8770480622453332,0.9319890005886684,,,0.15933212609027875,0.3186642521805575,0.05171023304344392,1.5406247149999999,0.3378170351821519,,,,"Offline diagnostic wall_skim keeps the closest rotor about 0.04 m from the wall, attenuates duplicated geometry by an A4MC local obstacle residual, then adds wall-side shelter-gradient obstruction and pressure-gradient disk wind."
current_offline_wall_skim_closest_rotor,current Java formulas,drone-sim-core/src/main/java/com/tenicana/dronecraft/sim/tools/OfflineFlightRecorder.java,cinewhoop,1.0526315789473684,0.04,0.32,8.421052631578947,0.0,0.7001622790179594,0.5189855210424645,0.7001622790179594,0.62,0.4341006129911348,0.15,0.33,0.8823454679296905,0.9353569669475876,,,0.2997232321522915,0.599446464304583,0.06434371352249246,2.3290793749999996,0.5395692002653598,,,,"Offline diagnostic wall_skim keeps the closest rotor about 0.04 m from the wall, attenuates duplicated geometry by an A4MC local obstacle residual, then adds wall-side shelter-gradient obstruction and pressure-gradient disk wind."
current_offline_wall_skim_closest_rotor,current Java formulas,drone-sim-core/src/main/java/com/tenicana/dronecraft/sim/tools/OfflineFlightRecorder.java,heavyLift,0.31496062992125984,0.04,0.7,5.511811023622047,0.3028561094414283,0.7413734307280201,0.5492057368239194,0.7575061419808717,0.62,0.4696538080281405,0.15,0.33,0.8680877046905358,0.927609534073527,,,1.5637035598152151,3.1274071196304303,0.07086817209932784,11.03248125,0.5388213562465471,,,,"Offline diagnostic wall_skim keeps the closest rotor about 0.04 m from the wall, attenuates duplicated geometry by an A4MC local obstacle residual, then adds wall-side shelter-gradient obstruction and pressure-gradient disk wind."
